shipment_id,date,origin,destination,carrier,distance_km,weight_kg,shipping_cost,fuel_cost,handling_cost,delivery_days,on_time
S0001,2026-06-13,Manila,Davao,Carrier A,1540,107,12191.8,6685.08,862.62,6,1
S0002,2026-01-24,Baguio,Manila,Carrier A,251,139,4789.26,960.66,738.06,1,1
S0003,2026-01-02,Cagayan de Oro,Cebu,Carrier B,233,186,4250.15,922.73,770.53,1,1
S0004,2026-03-30,Manila,Zamboanga,Carrier D,1445,385,15644.07,6030.4,1478.22,6,1
S0005,2026-04-03,General Santos,Manila,Carrier A,1688,156,14049.99,7478.92,782.87,6,1
S0006,2026-06-12,Cebu,Zamboanga,Carrier B,506,539,10531.58,2177.19,1528.64,3,1
S0007,2026-03-04,Manila,Baguio,Carrier E,248,499,10365.65,1086.67,1903.51,2,1
S0008,2026-01-09,Bacolod,Cebu,Carrier A,109,1139,18180.01,428.64,2933.38,1,1
S0009,2026-06-14,Clark,Manila,Carrier A,88,410,7240.94,372.82,1740.69,1,1
S0010,2026-02-05,Bacolod,Manila,Carrier A,677,92,6869.67,2800.54,755.7,2,1
S0011,2026-04-30,Bacolod,Manila,Carrier D,733,45,6380.15,3582.98,721.18,3,1
S0012,2026-01-29,Manila,Iloilo,Carrier A,633,616,14220.41,2587.01,2112.38,3,1
S0013,2026-06-10,Iloilo,Manila,Carrier C,0,114,7969.04,2780.39,1017.98,2,1
S0014,2026-03-24,Manila,Bacolod,Carrier B,679,1939,28706.73,2769.35,4710.32,4,1
S0015,2026-05-05,Bacolod,Cebu,Carrier C,115,100,3654.1,552.53,619.08,1,1
S0016,2026-02-24,Clark,Cebu,Carrier C,873,601,17215.72,3544.87,1846.25,3,1
S0017,2026-03-05,Baguio,Manila,Carrier C,247,157,5120.77,979.07,1024.06,1,1
S0018,2026-03-26,Cebu,Manila,Carrier C,765,148,8660.04,3482.71,968.23,3,1
S0019,2026-04-15,Manila,Baguio,Carrier B,242,287,5786.7,1191.63,1335.42,2,1
S0020,2026-04-14,Iloilo,Cebu,Carrier A,185,135,4187.41,828.16,707.09,1,1
S0021,2026-01-20,Clark,Manila,Carrier C,93,63,3220.53,372.4,1020.0,1,1
S0022,2026-02-12,Cagayan de Oro,Manila,Carrier D,1354,1087,23747.48,4924.77,2925.65,6,1
S0023,2026-03-15,Manila,Clark,Carrier E,94,405,8049.41,377.97,1369.02,1,1
S0024,2026-05-19,Cebu,Manila,Carrier A,770,331,11210.04,3469.87,1062.33,3,1
S0025,2026-01-18,Manila,Zamboanga,Carrier A,1429,97,12111.31,5209.7,870.11,5,1
S0026,2026-05-30,General Santos,Manila,Carrier A,1630,538,19197.13,7034.82,1562.13,6,1
S0027,2026-01-19,Manila,Cebu,Carrier C,792,87,8252.03,3012.43,570.87,3,1
S0028,2026-03-04,Manila,Cagayan de Oro,Carrier D,1315,587,17202.33,6032.94,1983.79,5,1
S0029,2026-03-18,Clark,Cebu,Carrier D,823,178,8903.54,3638.55,784.87,3,1
S0030,2026-03-29,Manila,Baguio,Carrier A,254,341,7973.09,1140.89,1105.58,1,1
S0031,2026-01-01,Manila,Cagayan de Oro,Carrier E,1311,119,11611.79,5145.74,898.34,7,0
S0032,2026-02-08,Manila,General Santos,Carrier C,1707,112,14926.2,6539.1,1085.79,6,1
S0033,2026-04-02,Manila,Baguio,Carrier A,245,721,13365.16,1146.32,2258.6,1,1
S0034,2026-02-11,Davao,Clark,Carrier E,1632,51,13032.86,6276.49,970.69,6,1
S0035,2026-03-05,Manila,Iloilo,Carrier A,670,965,19626.34,2724.88,2912.95,3,1
S0036,2026-02-28,Baguio,Manila,Carrier B,254,186,4217.66,1047.71,919.89,2,1
S0037,2026-05-18,Manila,Cagayan de Oro,Carrier D,1299,176,11523.38,6275.36,710.15,5,1
S0038,2026-03-22,Manila,Clark,Carrier A,94,1073,16754.63,370.9,2922.23,1,1
S0039,2026-06-25,Iloilo,Cebu,Carrier C,184,243,5935.41,789.33,1032.72,1,1
S0040,2026-03-18,Bacolod,Manila,Carrier B,714,577,11972.49,2888.95,1968.36,3,1
S0041,2026-02-14,Manila,Zamboanga,Carrier C,1381,40,11516.8,5396.49,735.99,5,1
S0042,2026-04-24,Davao,Cebu,Carrier D,452,1486,24103.88,2201.57,3739.47,2,1
S0043,2026-01-24,Cebu,Zamboanga,Carrier C,534,154,7142.23,1874.79,785.71,2,1
S0044,2026-01-19,Clark,Manila,Carrier C,93,610,11663.55,347.73,1730.54,1,1
S0045,2026-01-28,Cebu,Bacolod,Carrier D,107,575,9391.52,410.33,2115.48,1,1
S0046,2026-04-29,Cebu,Davao,Carrier C,472,0,27817.59,2282.41,3785.16,2,1
S0047,2026-05-21,Clark,Manila,Carrier D,87,309,5963.55,411.32,1146.19,1,1
S0048,2026-03-03,Manila,Iloilo,Carrier B,628,182,6438.59,2689.94,783.42,3,1
S0049,2026-06-30,Manila,Baguio,Carrier B,249,322,5848.15,1096.26,1242.09,3,0
S0050,2026-05-28,Cagayan de Oro,Manila,Carrier B,1296,670,16552.65,6232.86,2025.41,6,1
S0051,2026-06-04,General Santos,Davao,Carrier A,150,339,6749.21,643.94,1524.69,1,1
S0052,2026-02-02,Iloilo,Bacolod,Carrier E,50,443,8278.4,184.45,1531.77,1,1
S0053,2026-03-08,Cagayan de Oro,Manila,Carrier B,1321,684,16384.69,5848.87,2303.95,6,1
S0054,2026-01-05,Cebu,Cagayan de Oro,Carrier E,231,154,4484.07,942.02,662.95,1,1
S0055,2026-01-06,Manila,Zamboanga,Carrier B,1374,94,10017.92,5191.99,660.55,6,1
S0056,2026-01-30,Cebu,Bacolod,Carrier B,107,428,7245.41,411.53,1786.42,2,0
S0057,2026-01-20,Manila,Zamboanga,Carrier A,1448,577,18558.58,5664.62,2052.72,6,1
S0058,2026-01-11,Manila,Cagayan de Oro,Carrier B,1348,357,12490.11,5408.91,1578.8,9,0
S0059,2026-04-28,Cebu,Iloilo,Carrier D,179,1554,22860.67,892.18,4041.7,1,1
S0060,2026-06-01,Manila,Iloilo,Carrier D,673,80,6640.96,2697.85,754.83,3,1
S0061,2026-01-08,Manila,Bacolod,Carrier B,692,237,7396.03,2536.89,1179.09,4,1
S0062,2026-05-13,Cebu,Clark,Carrier D,822,341,10966.28,3798.26,1437.74,4,1
S0063,2026-01-24,Manila,Iloilo,Carrier A,647,530,12722.7,2479.63,1672.25,3,1
S0064,2026-04-01,Cebu,Iloilo,Carrier A,177,97,3244.31,789.57,834.92,1,1
S0065,2026-02-25,Cebu,Cagayan de Oro,Carrier C,236,682,14111.15,1004.38,2299.98,1,1
S0066,2026-03-19,Manila,Cebu,Carrier A,786,1687,30474.81,3450.88,4087.17,3,1
S0067,2026-01-04,General Santos,Manila,Carrier B,1653,131,11081.02,6724.68,874.84,8,1
S0068,2026-01-19,General Santos,Manila,Carrier A,1685,790,23819.75,5978.03,2186.91,6,1
S0069,2026-06-02,Cebu,Bacolod,Carrier C,107,309,6839.79,473.03,1573.82,1,1
S0070,2026-06-06,Clark,Davao,Carrier D,1530,481,16759.45,5966.84,1502.12,6,1
S0071,2026-04-15,Clark,Manila,Carrier B,91,158,3632.28,446.29,920.02,4,0
S0072,2026-05-31,Cebu,Davao,Carrier B,469,393,8490.55,2240.42,1660.58,2,1
S0073,2026-03-20,Manila,Zamboanga,Carrier E,1447,300,15325.95,5965.39,1201.51,5,1
S0074,2026-04-23,Cebu,Manila,Carrier B,751,215,7437.37,3334.0,1350.15,4,1
S0075,2026-01-06,Bacolod,Iloilo,Carrier A,51,58,2424.24,192.89,818.51,1,1
S0076,2026-05-30,Manila,Clark,Carrier E,92,325,6501.85,400.72,1077.76,1,1
S0077,2026-05-07,Manila,Iloilo,Carrier D,679,399,10557.92,2954.28,1371.76,3,1
S0078,2026-05-12,Cebu,Zamboanga,Carrier D,499,318,7945.99,2244.12,1373.18,2,1
S0079,2026-01-14,Manila,Baguio,Carrier E,252,299,7473.95,899.6,1541.69,1,1
S0080,2026-02-10,Iloilo,Manila,Carrier B,624,154,6595.97,2313.53,1207.04,3,1
S0081,2026-03-16,Bacolod,Manila,Carrier D,689,1805,29389.92,2956.44,4501.15,3,1
S0082,2026-02-04,Davao,Cagayan de Oro,Carrier D,256,281,6817.51,1012.96,1410.53,1,1
S0083,2026-05-31,General Santos,Manila,Carrier D,1682,306,15560.56,7339.89,1430.92,8,0
S0084,2026-06-28,Baguio,Manila,Carrier D,248,278,6111.26,1032.16,1459.66,4,0
S0085,2026-02-08,Manila,Bacolod,Carrier B,674,441,10407.14,2823.12,1534.38,3,1
S0086,2026-02-06,Manila,Clark,Carrier A,91,325,6742.98,350.34,1430.62,1,1
S0087,2026-06-22,Davao,Cagayan de Oro,Carrier B,258,610,10119.0,1142.69,1663.54,1,1
S0088,2026-03-15,Bacolod,Iloilo,Carrier B,51,86,2461.79,230.0,755.41,2,0
S0089,2026-03-25,Bacolod,Cebu,Carrier B,108,110,2960.77,,1017.51,1,1
S0090,2026-04-08,Manila,Zamboanga,Carrier E,1374,109,11903.35,6269.59,693.0,4,1
S0091,2026-03-15,Davao,Cebu,Carrier B,438,230,6267.97,1905.57,1060.59,3,0
S0092,2026-04-09,Zamboanga,Cebu,Carrier B,504,240,6455.07,2470.33,841.16,3,1
S0093,2026-01-03,General Santos,Manila,Carrier D,1685,62,12407.26,6399.65,978.89,6,1
S0094,2026-06-05,Bacolod,Cebu,Carrier A,107,169,4387.35,466.4,1080.31,1,1
S0095,2026-06-10,Zamboanga,Manila,Carrier B,1382,429,13946.12,5397.93,1420.87,7,1
S0096,2026-02-03,Cebu,Bacolod,Carrier B,114,353,5708.85,426.35,1625.03,3,0
S0097,2026-03-28,Bacolod,Cebu,Carrier A,110,671,11105.76,481.37,2180.84,1,1
S0098,2026-05-23,Manila,Cagayan de Oro,Carrier A,1392,386,15595.99,6414.33,1552.6,5,1
S0099,2026-04-06,Manila,Davao,Carrier A,1471,1010,25203.68,7451.49,2654.82,5,1
S0100,2026-06-29,Iloilo,Manila,Carrier A,647,1355,24538.04,2701.27,3339.32,3,1
S0101,2026-04-27,Manila,Cagayan de Oro,Carrier C,1411,389,17815.37,6945.25,1687.05,5,1
S0102,2026-06-07,Cagayan de Oro,Manila,Carrier A,1411,248,13721.36,6323.16,1358.87,5,1
S0103,2026-05-20,Clark,Baguio,Carrier A,162,185,5189.26,778.59,1201.51,1,1
S0104,2026-06-13,Manila,Zamboanga,Carrier D,1346,165,11212.08,5684.41,704.17,6,1
S0105,2026-02-25,Bacolod,Cebu,Carrier D,107,739,11736.95,407.79,2516.22,1,1
S0106,2026-02-14,Manila,Davao,Carrier A,1556,239,14882.93,6236.73,835.27,5,1
S0107,2026-04-18,Bacolod,Manila,Carrier B,718,717,13666.52,3197.17,2179.7,4,1
S0108,2026-06-18,Bacolod,Manila,Carrier E,700,68,6744.38,2879.94,861.26,3,1
S0109,2026-01-19,Clark,Baguio,Carrier A,158,100,3595.27,608.6,947.29,1,1
S0110,2026-03-17,Clark,Manila,Carrier A,91,584,10356.17,396.65,2046.18,1,1
S0111,2026-04-26,General Santos,Davao,Carrier D,149,268,5772.9,686.52,1077.11,4,0
S0112,2026-05-02,Cebu,Manila,Carrier A,807,85,7728.47,3799.09,820.82,3,1
S0113,2026-03-26,Cebu,Davao,Carrier D,448,1314,21444.02,2033.55,3221.67,2,1
S0114,2026-01-27,General Santos,Manila,Carrier C,1615,154,14931.81,6476.13,859.34,5,1
S0115,2026-04-20,Zamboanga,Cebu,Carrier D,544,467,10825.44,2388.13,1884.85,3,1
S0116,2026-02-16,Manila,Iloilo,Carrier E,668,234,8770.61,2489.25,1209.21,2,1
S0117,2026-01-08,Manila,Davao,Carrier B,1511,312,12635.69,5568.75,1181.03,7,1
S0118,2026-01-14,Davao,Manila,Carrier A,1541,78,12121.34,5784.61,835.85,6,1
S0119,2026-05-12,Manila,Davao,Carrier B,1498,550,15807.83,6896.65,1537.25,7,1
S0120,2026-01-02,Manila,Baguio,Carrier D,261,690,11725.26,931.5,2116.43,1,1
S0121,2026-05-17,Cebu,Iloilo,Carrier D,180,778,12192.88,853.84,2036.98,3,0
S0122,2026-05-28,Manila,Clark,Carrier C,89,193,4749.92,428.84,827.72,1,1
S0123,2026-06-26,Clark,Cebu,Carrier D,822,165,8420.99,3449.13,900.46,3,1
S0124,2026-03-27,Cebu,Bacolod,Carrier C,106,380,7759.44,471.07,1346.66,1,1
S0125,2026-02-07,Baguio,Manila,Carrier A,243,455,9397.79,984.23,1407.29,2,1
S0126,2026-05-25,Cagayan de Oro,Cebu,Carrier E,240,414,9089.5,1097.6,1729.35,1,1
S0127,2026-01-18,Clark,Manila,Carrier D,91,442,7384.05,322.24,1549.45,1,1
S0128,2026-03-15,Cebu,Manila,Carrier D,809,469,12362.46,3422.56,1664.39,6,0
S0129,2026-05-27,Zamboanga,Manila,Carrier B,1384,113,9418.59,5812.16,1088.08,6,1
S0130,2026-05-10,Zamboanga,Manila,Carrier C,1348,2159,46604.03,6150.63,5268.14,5,1
S0131,2026-03-28,Davao,Cebu,Carrier C,434,223,7686.43,1864.23,1022.54,1,1
S0132,2026-06-04,Cagayan de Oro,Davao,Carrier C,257,108,4511.83,1154.65,956.69,1,1
S0133,2026-01-22,Iloilo,Manila,Carrier D,646,794,15900.78,2584.0,2490.06,3,1
S0134,2026-06-15,Cebu,Davao,Carrier A,452,206,7366.87,1841.52,1212.89,3,0
S0135,2026-01-20,Manila,Iloilo,Carrier B,670,389,9618.0,2556.81,1552.96,4,1
S0136,2026-06-02,Manila,Cagayan de Oro,Carrier D,1315,703,18965.69,5202.55,2109.2,5,1
S0137,2026-03-02,Davao,Clark,Carrier D,1603,729,20530.13,6537.65,2483.16,8,0
S0138,2026-04-05,Davao,Cebu,Carrier B,455,700,12303.12,2162.26,2091.2,2,1
S0139,2026-06-04,Davao,Manila,Carrier C,1473,972,27889.03,5765.63,2945.94,5,1
S0140,2026-02-11,Manila,Iloilo,Carrier A,676,298,10148.51,2552.74,1226.28,3,1
S0141,2026-01-14,Cagayan de Oro,Manila,Carrier B,1341,78,8920.66,4947.97,531.05,7,1
S0142,2026-02-07,Davao,Manila,Carrier D,1478,575,17579.67,6033.14,1834.16,5,1
S0143,2026-03-07,Baguio,Manila,Carrier E,243,462,9632.1,1079.91,,1,1
S0144,2026-06-13,Cebu,Bacolod,Carrier A,110,1099,17640.09,424.23,3027.03,1,1
S0145,2026-04-20,Manila,Cebu,Carrier C,773,133,9005.86,3685.55,808.96,3,1
S0146,2026-05-10,Manila,General Santos,Carrier B,1641,494,16389.0,7068.21,1396.55,8,1
S0147,2026-06-18,Zamboanga,Manila,Carrier D,1441,221,12476.45,6067.73,1274.31,5,1
S0148,2026-04-29,Iloilo,Bacolod,Carrier A,50,105,3054.3,254.36,553.19,1,1
S0149,2026-01-11,Iloilo,Manila,Carrier B,642,800,14232.2,2258.73,2448.14,4,0
S0150,2026-06-17,Manila,Cagayan de Oro,Carrier B,1311,1031,20942.15,5826.0,2800.19,7,1
S0151,2026-05-08,Manila,Cagayan de Oro,Carrier A,1392,78,11130.5,6172.43,1068.66,5,1
S0152,2026-01-27,Cebu,Manila,Carrier B,795,455,10788.32,3112.72,1511.93,5,0
S0153,2026-06-07,Bacolod,Iloilo,Carrier E,49,1369,21851.49,209.33,3529.79,1,1
S0154,2026-01-08,Davao,Manila,Carrier D,1522,55,10761.35,6041.33,640.8,6,1
S0155,2026-06-04,Davao,Manila,Carrier B,1500,304,12397.85,5906.54,1188.97,7,1
S0156,2026-01-30,Manila,Cebu,Carrier B,761,1141,18693.0,3019.02,3232.62,4,1
S0157,2026-06-27,Baguio,Clark,Carrier A,160,902,14984.84,711.46,2551.47,1,1
S0158,2026-03-23,Cebu,Davao,Carrier C,460,194,7366.0,1850.48,1152.54,2,1
S0159,2026-04-03,Bacolod,Manila,Carrier A,679,107,7261.65,2980.79,867.81,3,1
S0160,2026-05-22,Manila,Davao,Carrier A,1559,268,15248.61,6966.69,1136.08,6,1
S0161,2026-02-02,Davao,Clark,Carrier B,1608,552,16284.19,6739.11,1982.56,8,1
S0162,2026-02-03,Manila,Clark,Carrier A,93,99,2685.44,347.82,711.4,1,1
S0163,2026-05-13,General Santos,Davao,Carrier A,155,493,9161.42,653.34,1566.29,1,1
S0164,2026-02-13,General Santos,Manila,Carrier A,1670,480,19210.75,6428.37,1910.36,6,1
S0165,2026-01-21,Manila,Cebu,Carrier C,793,513,15543.21,2973.18,1811.99,3,1
S0166,2026-03-16,Zamboanga,Manila,Carrier A,1382,781,21170.04,5838.07,2431.37,5,1
S0167,2026-04-29,Manila,Baguio,Carrier B,253,610,10066.8,1271.12,2227.22,1,1
S0168,2026-05-24,Manila,Davao,Carrier A,1472,308,14680.88,6125.85,1544.83,6,1
S0169,2026-02-10,Bacolod,Cebu,Carrier D,114,134,3176.28,486.28,874.89,1,1
S0170,2026-01-24,Cebu,Clark,Carrier E,854,149,8897.1,3011.83,924.74,4,1
S0171,2026-05-01,Manila,Iloilo,Carrier A,624,104,6333.67,2737.93,770.75,2,1
S0172,2026-05-24,Manila,Baguio,Carrier A,252,355,8020.7,1090.14,1674.45,2,1
S0173,2026-01-25,Cagayan de Oro,Manila,Carrier B,1392,1298,24659.29,5034.9,3461.07,7,1
S0174,2026-02-05,Cebu,Iloilo,Carrier B,185,112,3763.01,688.98,1105.22,1,1
S0175,2026-06-07,Cebu,Cagayan de Oro,Carrier B,236,832,12490.42,1019.43,2310.27,2,1
S0176,2026-06-22,Manila,Davao,Carrier B,1496,1070,22547.3,6382.61,3012.15,7,1
S0177,2026-05-29,General Santos,Manila,Carrier C,1691,124,15509.86,7727.71,1077.5,5,1
S0178,2026-01-09,General Santos,Manila,Carrier A,1688,301,16267.38,6325.07,1084.54,6,1
S0179,2026-05-01,Cagayan de Oro,Davao,Carrier A,266,106,3969.39,1159.36,930.54,1,1
S0180,2026-02-14,Clark,Manila,Carrier C,90,546,11065.51,365.97,1983.39,1,1
S0181,2026-03-05,Manila,Iloilo,Carrier E,641,1854,-1500,2817.53,4792.94,3,1
S0182,2026-05-24,Clark,Cebu,Carrier A,876,98,8303.72,3852.37,1103.7,5,0
S0183,2026-03-16,Manila,Cebu,Carrier A,815,1199,23739.45,3605.91,3066.19,4,1
S0184,2026-05-24,Cebu,Iloilo,Carrier C,175,437,9254.93,806.02,1580.02,1,1
S0185,2026-04-16,Manila,Cagayan de Oro,Carrier C,1353,106,13083.25,6918.18,627.96,4,1
S0186,2026-05-02,Manila,Bacolod,Carrier E,684,214,9037.1,3267.24,824.48,3,1
S0187,2026-01-10,Baguio,Clark,Carrier E,156,126,4400.43,639.96,815.4,3,0
S0188,2026-01-10,Manila,Cebu,Carrier A,788,1873,32897.46,3228.73,4746.58,6,0
S0189,2026-04-30,Manila,Iloilo,Carrier B,671,631,12495.13,3298.73,1696.65,3,1
S0190,2026-06-22,Cagayan de Oro,Cebu,Carrier D,234,1063,17130.63,980.51,2690.64,2,1
S0191,2026-02-05,Manila,Bacolod,Carrier A,730,257,9410.79,2777.41,1063.18,3,1
S0192,2026-03-08,Cebu,Davao,Carrier A,460,96,5190.71,1928.13,812.71,2,1
S0193,2026-03-21,Davao,Cebu,Carrier E,457,246,7569.4,2087.32,1128.11,4,0
S0194,2026-04-17,Cebu,Iloilo,Carrier D,187,768,12854.87,925.47,2397.81,1,1
S0195,2026-05-15,Clark,Manila,Carrier A,92,413,7109.26,415.67,1511.89,1,1
S0196,2026-03-25,Zamboanga,Cebu,Carrier C,519,607,14824.26,2349.84,1902.69,2,1
S0197,2026-04-17,Clark,Manila,Carrier B,86,780,11234.88,401.7,2505.87,1,1
S0198,2026-01-12,Manila,Clark,Carrier C,92,67,3174.42,376.79,730.64,1,1
S0199,2026-02-04,Cagayan de Oro,Cebu,Carrier C,251,285,8042.25,973.3,1448.77,2,1
S0200,2026-06-24,Clark,Davao,Carrier A,1641,925,24646.16,7400.28,2570.84,7,0
S0201,2026-01-06,Davao,Clark,Carrier C,1582,288,17181.34,5751.58,1209.98,5,1
S0202,2026-01-29,Manila,Cebu,Carrier C,795,1278,28348.27,2895.65,3151.97,3,1
S0203,2026-06-22,Cebu,Iloilo,Carrier D,173,271,5467.17,690.43,1414.44,1,1
S0204,2026-03-16,Baguio,Manila,Carrier C,260,427,10239.06,1162.93,1381.54,5,0
S0205,2026-02-26,Manila,Clark,Carrier C,88,443,9212.81,329.7,1681.85,1,1
S0206,2026-03-30,Cebu,Clark,Carrier D,867,212,9162.39,3482.85,992.28,4,1
S0207,2026-02-27,Iloilo,Manila,Carrier D,665,1147,20676.54,2824.78,3157.77,3,1
S0208,2026-02-22,Manila,Cagayan de Oro,Carrier B,1305,248,11118.16,5429.18,876.52,6,1
S0209,2026-01-11,Cagayan de Oro,Davao,Carrier D,254,619,10992.69,962.02,2183.48,2,0
S0210,2026-02-24,Clark,Cebu,Carrier A,889,3500,57179.65,3368.63,8362.64,3,1
S0211,2026-05-22,Iloilo,Manila,Carrier B,640,510,10506.82,2805.31,1951.69,3,1
S0212,2026-05-01,Cagayan de Oro,Cebu,Carrier A,237,208,5087.34,1124.61,1202.35,1,1
S0213,2026-05-30,General Santos,Manila,Carrier A,1646,220,14787.99,7774.33,1083.58,6,1
S0214,2026-03-07,Cagayan de Oro,Cebu,Carrier D,240,645,11158.73,1059.48,1930.31,1,1
S0215,2026-02-17,Baguio,Clark,Carrier C,161,67,2817.03,671.57,1014.51,1,1
S0216,2026-04-16,Davao,Manila,Carrier A,1525,113,12296.54,7192.77,584.87,8,0
S0217,2026-06-18,Manila,Bacolod,Carrier C,672,45,6673.5,2707.72,985.49,2,1
S0218,2026-06-22,Manila,Clark,Carrier A,94,1165,18413.74,376.64,3234.87,1,1
S0219,2026-04-12,Cebu,Manila,Carrier B,816,165,7623.24,3751.95,1159.84,7,0
S0220,2026-01-09,Manila,Davao,Carrier C,1491,65,12455.24,5367.9,742.92,5,1
S0221,2026-05-25,Davao,Clark,Carrier E,1655,1171,29817.32,7897.48,3291.57,6,1
S0222,2026-01-20,Davao,Cebu,Carrier C,443,522,12553.14,1777.79,1457.79,1,1
S0223,2026-04-12,Clark,Cebu,Carrier C,838,416,14347.42,4093.25,1539.54,3,1
S0224,2026-06-26,Iloilo,Cebu,Carrier E,180,64,3131.29,793.17,645.16,3,0
S0225,2026-03-25,Manila,Cebu,Carrier E,767,343,11280.96,3494.76,1313.71,3,1
S0226,2026-01-22,Cagayan de Oro,Cebu,Carrier A,236,74,3373.47,879.58,933.13,1,1
S0227,2026-04-03,Manila,Davao,Carrier B,1440,240,11483.37,6437.82,940.44,7,1
S0228,2026-04-15,Manila,Davao,Carrier C,1452,448,19288.4,7298.37,1293.0,5,1
S0229,2026-05-24,Clark,Baguio,Carrier C,167,123,4135.04,705.56,751.28,1,1
S0230,2026-04-22,Manila,Iloilo,Carrier D,641,241,8678.33,3152.36,1127.68,3,1
S0231,2026-02-04,Iloilo,Manila,Carrier B,679,475,10784.68,2610.22,1545.84,7,0
S0232,2026-02-04,Iloilo,Manila,Carrier C,659,333,10996.23,2561.96,1224.08,3,1
S0233,2026-05-28,Cebu,Bacolod,Carrier B,108,733,10420.14,517.75,2032.48,1,1
S0234,2026-05-21,Manila,Cebu,Carrier E,799,145,8909.44,3772.62,660.5,3,1
S0235,2026-06-22,Manila,Bacolod,Carrier A,711,523,13385.71,3109.44,1494.98,3,1
S0236,2026-04-13,Manila,General Santos,Carrier D,1721,283,15044.68,8787.44,1343.58,7,1
S0237,2026-01-22,Manila,Davao,Carrier C,1473,121,13854.61,5654.02,953.22,7,0
S0238,2026-04-21,Manila,Davao,Carrier A,1453,658,20014.02,7108.98,1880.22,5,1
S0239,2026-06-23,General Santos,Manila,Carrier B,1658,51,10181.99,6837.27,989.24,8,0
S0240,2026-03-31,Iloilo,Manila,Carrier A,650,336,10055.81,2739.03,1457.26,2,1
S0241,2026-01-30,Manila,Cebu,Carrier A,772,764,17468.82,3046.48,2290.4,3,1
S0242,2026-04-20,Cebu,Clark,Carrier B,833,131,7242.12,3913.79,605.72,4,1
S0243,2026-06-01,Manila,Clark,Carrier A,86,186,4443.31,376.51,1055.61,1,1
S0244,2026-04-04,Iloilo,Manila,Carrier A,650,933,18704.17,3156.22,2710.78,3,1
S0245,2026-03-31,Manila,Cagayan de Oro,Carrier A,1351,543,17935.09,6135.03,1848.7,5,1
S0246,2026-03-03,Iloilo,Manila,Carrier C,634,361,11518.26,2541.96,1324.43,2,1
S0247,2026-06-27,Clark,Cebu,Carrier A,887,122,8333.31,3522.04,1073.59,4,1
S0248,2026-01-03,Manila,Bacolod,Carrier B,684,411,9877.31,2561.41,1499.24,4,1
S0249,2026-02-12,Manila,Davao,Carrier D,1444,195,12374.59,5741.03,829.93,6,1
S0250,2026-05-07,Manila,General Santos,Carrier A,1600,711,22001.68,7021.57,2357.77,5,1
S0251,2026-05-20,Baguio,Manila,Carrier D,249,517,9273.32,1183.47,1456.74,1,1
S0252,2026-01-23,Clark,Manila,Carrier D,94,161,4067.94,362.23,864.58,1,1
S0253,2026-02-12,Manila,Zamboanga,Carrier D,1442,776,20500.89,5728.22,2365.31,7,0
S0254,2026-03-16,General Santos,Manila,Carrier B,1725,1076,23800.42,6913.54,3117.26,8,1
S0255,2026-03-12,Davao,Cagayan de Oro,Carrier D,252,169,5057.81,1128.88,1128.68,2,1
S0256,2026-05-28,Zamboanga,Manila,Carrier B,1423,75,9896.8,,706.71,7,1
S0257,2026-04-05,Clark,Manila,Carrier C,90,954,17801.51,399.67,2982.09,1,1
S0258,2026-01-17,Cebu,Bacolod,Carrier E,109,823,14322.36,402.46,2280.76,1,1
S0259,2026-05-05,Cebu,Bacolod,Carrier D,114,61,2657.62,538.71,443.97,1,1
S0260,2026-04-27,Manila,Cebu,Carrier A,816,564,14077.91,3969.02,1636.19,4,1
S0261,2026-06-17,Manila,Cagayan de Oro,Carrier C,1306,511,18534.69,5568.79,1859.79,4,1
S0262,2026-01-24,Cebu,Iloilo,Carrier B,172,104,2927.95,672.42,534.37,1,1
S0263,2026-04-19,Cebu,Iloilo,Carrier A,180,82,3661.26,800.72,700.94,1,1
S0264,2026-02-04,Zamboanga,Manila,Carrier A,1429,412,16367.34,5343.91,1417.11,5,1
S0265,2026-04-16,Manila,Zamboanga,Carrier A,1399,1061,25046.89,6244.58,3072.21,5,1
S0266,2026-02-05,Manila,Iloilo,Carrier A,661,453,12057.4,2522.38,1861.37,2,1
S0267,2026-03-19,Manila,Baguio,Carrier A,253,263,6584.19,1125.66,1354.87,1,1
S0268,2026-03-03,Manila,Bacolod,Carrier C,709,1751,35652.05,3227.0,4231.39,3,1
S0269,2026-04-04,Manila,General Santos,Carrier B,1609,2007,33827.27,7749.58,4723.68,9,0
S0270,2026-05-10,Manila,Iloilo,Carrier D,665,287,8906.43,3048.91,1253.99,3,1
S0271,2026-01-21,Bacolod,Manila,Carrier D,684,385,10335.87,2655.05,1647.72,3,1
S0272,2026-06-28,Manila,Clark,Carrier A,94,166,4428.38,368.78,1032.58,1,1
S0273,2026-06-18,Cebu,Cagayan de Oro,Carrier C,232,584,12026.15,1040.05,1898.6,1,1
S0274,2026-02-12,Manila,Cagayan de Oro,Carrier D,1387,634,17790.33,5832.15,1895.81,6,1
S0275,2026-03-09,Cebu,Iloilo,Carrier A,182,313,6554.87,774.54,1328.73,1,1
S0276,2026-01-27,General Santos,Davao,Carrier A,153,647,10817.69,614.77,1730.77,1,1
S0277,2026-02-08,Manila,Baguio,Carrier A,261,771,14019.45,1057.17,2130.91,1,1
S0278,2026-03-23,Manila,Iloilo,Carrier B,628,353,9113.86,2535.64,1559.2,5,0
S0279,2026-04-30,Davao,Cagayan de Oro,Carrier B,267,80,3377.75,1241.65,650.96,2,1
S0280,2026-03-04,Clark,Manila,Carrier B,91,706,9828.26,412.11,2309.49,1,1
S0281,2026-04-15,Manila,Cebu,Carrier C,786,572,15711.85,3634.95,2013.76,3,1
S0282,2026-03-20,Manila,Davao,Carrier A,1511,344,15372.77,6942.15,1483.79,5,1
S0283,2026-05-14,Manila,Clark,Carrier B,93,660,9661.37,417.37,2134.33,1,1
S0284,2026-01-16,Manila,Clark,Carrier A,94,176,3962.76,374.39,1107.64,1,1
S0285,2026-03-11,Baguio,Manila,Carrier A,261,701,12406.4,1040.73,2111.94,1,1
S0286,2026-04-02,Clark,Davao,Carrier B,1546,178,11147.03,6941.21,1103.23,8,1
S0287,2026-01-11,Baguio,Manila,Carrier A,259,598,11769.58,967.86,1644.97,1,1
S0288,2026-02-14,Manila,Cebu,Carrier B,777,660,13024.05,3052.06,2234.34,4,1
S0289,2026-02-26,Manila,Davao,Carrier B,1551,487,15480.97,6210.29,1526.69,8,1
S0290,2026-01-17,Manila,Baguio,Carrier D,254,83,4045.12,1012.9,556.12,2,1
S0291,2026-05-27,Manila,Clark,Carrier B,92,257,4569.14,402.89,1410.38,1,1
S0292,2026-02-08,Manila,Cebu,Carrier A,792,197,8916.59,3155.37,769.99,3,1
S0293,2026-02-21,Zamboanga,Manila,Carrier A,1444,2348,44276.96,5267.99,5695.1,6,1
S0294,2026-05-05,Manila,Cagayan de Oro,Carrier B,1364,181,10107.1,6211.21,715.78,7,1
S0295,2026-05-01,Bacolod,Manila,Carrier E,720,1681,31179.43,3309.51,4158.12,4,0
S0296,2026-02-26,General Santos,Manila,Carrier B,1729,1271,26385.18,6476.28,3238.13,8,1
S0297,2026-04-02,Baguio,Clark,Carrier C,154,1366,24807.23,738.89,3418.14,1,1
S0298,2026-05-07,Manila,General Santos,Carrier A,1610,66,12557.31,6664.72,731.99,6,1
S0299,2026-02-03,Manila,Cagayan de Oro,Carrier D,1317,951,21576.63,4911.41,2815.02,5,1
S0300,2026-05-15,Davao,Cagayan de Oro,Carrier B,272,1320,18521.2,1141.79,3385.06,1,1
S0301,2026-04-22,Cebu,Bacolod,Carrier C,115,126,4393.65,563.17,1134.51,1,1
S0302,2026-05-31,Bacolod,Cebu,Carrier D,109,196,4000.6,449.8,1152.41,1,1
S0303,2026-05-26,Manila,Cebu,Carrier E,791,1582,30264.75,3584.04,4342.41,3,1
S0304,2026-03-02,Manila,Cagayan de Oro,Carrier C,1334,1524,36283.96,5831.95,4090.37,4,1
S0305,2026-02-23,Manila,Iloilo,Carrier A,627,91,5902.86,2432.68,939.75,3,1
S0306,2026-05-07,Davao,General Santos,Carrier B,148,834,12296.09,671.92,2589.75,1,1
S0307,2026-01-09,Manila,Iloilo,Carrier E,642,74,6135.81,2390.99,901.99,3,1
S0308,2026-01-24,Manila,Cagayan de Oro,Carrier E,1415,588,19478.97,5509.18,1957.99,5,1
S0309,2026-03-26,Manila,Baguio,Carrier C,244,616,13209.69,999.46,1824.11,1,1
S0310,2026-05-27,Manila,General Santos,Carrier A,1656,41,11983.43,7810.32,765.25,6,1
S0311,2026-02-22,Manila,Baguio,Carrier A,-250,875,15013.5,956.24,2518.46,1,1
S0312,2026-05-20,Cagayan de Oro,Manila,Carrier B,1341,132,9401.7,5955.07,748.44,7,1
S0313,2026-02-08,Cebu,Cagayan de Oro,Carrier A,244,229,5931.15,1036.91,1157.64,1,1
S0314,2026-05-14,Manila,Clark,Carrier D,90,329,6382.05,402.03,1071.17,1,1
S0315,2026-05-09,General Santos,Manila,Carrier C,1660,1867,43666.37,7978.48,4676.82,6,1
S0316,2026-02-24,Bacolod,Cebu,Carrier B,106,2040,26477.39,452.24,5164.34,1,1
S0317,2026-01-18,Manila,Davao,Carrier C,1515,914,27199.88,6141.26,2318.22,5,1
S0318,2026-04-18,Manila,Davao,Carrier C,1460,433,19278.71,6491.39,1315.98,5,1
S0319,2026-05-18,Davao,General Santos,Carrier A,155,518,9542.6,692.02,1542.92,1,1
S0320,2026-06-24,Davao,Cebu,Carrier E,433,221,7041.63,1881.11,1338.7,2,1
S0321,2026-03-19,Iloilo,Manila,Carrier D,673,559,13198.33,2739.61,1710.09,3,1
S0322,2026-03-24,Manila,Iloilo,Carrier C,648,133,7637.79,2900.84,1037.17,3,1
S0323,2026-01-15,Bacolod,Manila,Carrier B,682,358,8700.37,2737.27,1615.2,3,1
S0324,2026-02-21,Zamboanga,Cebu,Carrier B,510,1165,18218.23,1942.63,3357.1,3,1
S0325,2026-02-01,Davao,Cebu,Carrier B,441,305,7575.12,1735.74,1301.8,4,0
S0326,2026-06-26,Manila,Davao,Carrier A,1443,905,23727.41,5756.04,2423.81,5,1
S0327,2026-06-16,Manila,Clark,Carrier D,86,696,10438.96,383.15,2219.62,1,1
S0328,2026-03-06,Manila,Zamboanga,Carrier C,1462,596,21303.12,6616.0,2122.15,5,1
S0329,2026-03-19,Davao,Cebu,Carrier B,465,88,4599.63,2030.45,999.57,2,1
S0330,2026-06-05,Manila,Iloilo,Carrier B,664,224,7103.84,2697.87,958.93,7,0
S0331,2026-03-18,Manila,Baguio,Carrier A,251,66,3945.49,1121.25,687.66,1,1
S0332,2026-01-07,Cebu,Davao,Carrier A,472,284,8057.67,1660.25,1349.64,2,1
S0333,2026-02-26,Davao,Cebu,Carrier B,457,1311,19372.94,1748.33,3286.19,3,1
S0334,2026-03-17,Manila,Davao,Carrier A,1457,783,22045.04,5886.55,2430.43,5,1
S0335,2026-04-01,Baguio,Manila,Carrier B,259,1020,14755.08,1247.09,2822.26,1,1
S0336,2026-06-12,General Santos,Manila,Carrier A,1724,1030,27081.58,7630.05,2795.0,6,1
S0337,2026-02-08,Davao,Manila,Carrier B,1467,419,14456.98,5758.23,1411.63,7,1
S0338,2026-05-05,Manila,Cagayan de Oro,Carrier B,1415,66,9400.89,6049.83,909.33,7,1
S0339,2026-01-23,Manila,Davao,Carrier B,1498,292,12640.68,5241.26,1262.67,9,0
S0340,2026-05-16,Manila,Baguio,Carrier C,255,168,5834.55,1114.94,746.96,1,1
S0341,2026-02-12,Cebu,Manila,Carrier E,752,313,10885.19,2983.37,1248.8,3,1
S0342,2026-05-06,Manila,Cagayan de Oro,Carrier E,1318,1166,27639.69,5653.11,3301.5,4,1
S0343,2026-05-31,Bacolod,Manila,Carrier C,679,746,18178.86,3112.99,2403.95,3,1
S0344,2026-01-13,Cebu,Davao,Carrier A,458,566,12055.63,1707.05,1873.57,2,1
S0345,2026-06-27,Davao,Cebu,Carrier B,432,87,4417.99,1841.24,911.84,5,0
S0346,2026-06-08,Manila,Davao,Carrier A,1455,139,12195.22,5851.27,919.69,5,1
S0347,2026-03-17,Davao,Manila,Carrier E,1513,564,19822.61,6165.79,1548.45,5,1
S0348,2026-05-27,Cebu,Davao,Carrier A,438,362,9294.31,1838.7,1249.94,4,0
S0349,2026-03-09,Clark,Manila,Carrier A,87,58,2193.44,388.14,615.22,1,1
S0350,2026-01-12,Manila,Cebu,Carrier C,758,219,10546.99,3090.13,942.79,3,1
S0351,2026-03-29,Manila,Baguio,Carrier E,249,182,5351.07,1119.2,1180.34,1,1
S0352,2026-01-29,Manila,Davao,Carrier E,1538,877,24403.31,6228.94,2519.0,5,1
S0353,2026-06-06,Cagayan de Oro,Manila,Carrier A,1339,559,18125.11,6021.0,1608.19,5,1
S0354,2026-04-16,Clark,Manila,Carrier C,86,45,2740.47,410.12,845.17,1,1
S0355,2026-06-21,Cagayan de Oro,Davao,Carrier C,261,473,10668.42,1130.54,1629.76,1,1
S0356,2026-02-08,Zamboanga,Cebu,Carrier E,525,65,5681.65,1960.91,952.31,3,1
S0357,2026-01-20,Cebu,Cagayan de Oro,Carrier B,237,186,4563.37,907.88,936.38,2,1
S0358,2026-04-24,Bacolod,Cebu,Carrier D,110,306,5432.81,522.28,1365.22,1,1
S0359,2026-05-23,Manila,General Santos,Carrier D,1706,1525,32319.3,8127.18,3992.4,7,1
S0360,2026-03-29,Manila,Cagayan de Oro,Carrier A,1302,312,14048.5,5647.49,1270.28,5,1
S0361,2026-01-30,Manila,Davao,Carrier A,1528,237,14516.66,6085.03,1150.01,5,1
S0362,2026-02-12,Manila,Bacolod,Carrier D,723,276,8970.12,2718.28,979.65,4,1
S0363,2026-02-18,Iloilo,Cebu,Carrier B,174,1215,17148.67,697.42,3436.29,1,1
S0364,2026-05-10,Davao,Manila,Carrier C,1507,62,13448.06,7123.71,726.16,5,1
S0365,2026-02-15,Davao,Cebu,Carrier D,439,89,5085.21,1764.4,688.91,2,1
S0366,2026-06-05,Baguio,Clark,Carrier A,164,1530,24572.59,680.35,3746.02,1,1
S0367,2026-05-12,Iloilo,Manila,Carrier D,665,599,13651.66,3045.12,1738.33,3,1
S0368,2026-03-30,Clark,Cebu,Carrier C,826,1703,34901.03,3539.36,4428.73,3,1
S0369,2026-05-24,Manila,Bacolod,Carrier C,707,283,11088.38,3343.35,1094.16,3,1
S0370,2026-05-14,Manila,Davao,Carrier A,1491,66,11446.15,6991.08,1035.32,6,1
S0371,2026-01-16,Davao,Cebu,Carrier D,443,54,4794.06,1576.33,939.62,2,1
S0372,2026-06-15,General Santos,Manila,Carrier D,1619,761,21115.13,6945.53,2530.09,9,0
S0373,2026-03-22,Clark,Davao,Carrier D,1524,142,12749.89,6860.21,878.24,6,1
S0374,2026-06-15,Manila,Cagayan de Oro,Carrier D,1367,138,11576.98,5433.84,872.89,6,1
S0375,2026-02-14,Cebu,Cagayan de Oro,Carrier A,232,187,4970.84,867.12,1219.01,1,1
S0376,2026-02-09,Manila,Cebu,Carrier C,813,708,18776.62,3389.38,2038.29,3,1
S0377,2026-01-19,Cebu,Bacolod,Carrier A,108,131,3159.28,410.74,837.76,1,1
S0378,2026-02-26,Davao,General Santos,Carrier B,152,196,4670.15,612.07,1016.11,1,1
S0379,2026-06-16,Manila,Cebu,Carrier B,795,1096,18821.74,3387.51,3286.54,4,1
S0380,2026-01-30,Cagayan de Oro,Manila,Carrier B,1361,1130,22502.71,5068.33,3267.69,6,1
S0381,2026-06-16,Manila,Baguio,Carrier E,251,122,5017.13,1055.55,572.8,1,1
S0382,2026-02-24,Davao,Cagayan de Oro,Carrier A,259,387,8465.52,1101.56,1616.52,5,0
S0383,2026-06-25,Davao,Manila,Carrier B,1501,81,9651.11,6569.53,813.05,7,1
S0384,2026-03-08,Cagayan de Oro,Manila,Carrier B,1350,211,10762.14,5394.71,767.74,7,1
S0385,2026-05-30,Manila,Cebu,Carrier B,808,354,9486.0,3730.82,1442.74,6,0
S0386,2026-04-12,Cebu,Zamboanga,Carrier A,500,151,6683.65,2487.77,1141.88,2,1
S0387,2026-03-18,Davao,Cebu,Carrier D,469,628,12263.62,2139.61,2013.71,2,1
S0388,2026-01-02,General Santos,Manila,Carrier C,1642,80,14005.03,6480.63,911.56,5,1
S0389,2026-05-12,Davao,Manila,Carrier C,1464,171,14118.94,6744.16,1016.58,4,1
S0390,2026-05-21,Clark,Manila,Carrier B,90,71,1953.24,418.13,748.51,1,1
S0391,2026-06-17,Baguio,Manila,Carrier A,246,136,4549.41,1000.04,994.85,2,1
S0392,2026-05-26,Manila,Cagayan de Oro,Carrier B,1334,42,8463.86,5715.14,836.29,7,0
S0393,2026-06-23,Iloilo,Cebu,Carrier B,187,239,4740.63,788.12,931.26,2,0
S0394,2026-05-18,Manila,Baguio,Carrier C,256,624,13591.79,1212.11,2051.78,2,1
S0395,2026-06-01,Manila,Baguio,Carrier A,240,1049,17711.28,1027.9,2696.98,1,1
S0396,2026-05-31,Iloilo,Cebu,Carrier B,177,361,6271.23,793.94,1491.81,2,1
S0397,2026-06-07,Davao,Cebu,Carrier A,462,118,5780.11,1951.5,1082.92,2,1
S0398,2026-04-02,Manila,Cebu,Carrier A,802,178,8530.27,3912.26,1002.33,3,1
S0399,2026-04-27,Davao,General Santos,Carrier C,144,89,3992.04,698.62,659.9,1,1
S0400,2026-05-26,Manila,Baguio,Carrier B,254,516,9022.91,1141.97,1661.0,2,1
S0401,2026-04-01,Cebu,Zamboanga,Carrier D,515,1021,17488.25,2595.78,2810.14,2,1
S0402,2026-03-13,Manila,Baguio,Carrier B,244,608,9377.85,993.66,2124.3,2,1
S0403,2026-05-03, Manila ,Bacolod,Carrier C,709,278,10515.96,2989.87,1267.01,2,1
S0404,2026-05-27,Davao,Manila,Carrier E,1462,367,16389.06,7047.8,1489.97,6,1
S0405,2026-03-14,Cebu,Clark,Carrier C,832,326,12445.51,3382.0,1263.66,3,1
S0406,2026-02-16,Zamboanga,Manila,Carrier A,1408,560,18673.55,5650.36,1573.31,5,1
S0407,2026-01-05,Manila,Baguio,Carrier B,259,284,5524.32,920.63,1210.32,2,1
S0408,2026-05-17,Bacolod,Manila,Carrier B,679,102,6018.55,3204.19,1062.58,4,1
S0409,2026-05-14,Manila,Clark,Carrier C,93,292,6951.91,415.82,1403.6,1,1
S0410,2026-06-28,General Santos,Manila,Carrier A,1647,693,22135.96,6426.03,2183.58,6,1
S0411,2026-01-02,Cebu,Iloilo,Carrier C,185,96,3445.6,720.38,923.86,1,1
S0412,2026-02-09,Manila,Clark,Carrier A,91,385,7202.45,366.07,1742.08,1,1
S0413,2026-05-22,Cebu,Bacolod,Carrier B,110,404,6292.74,477.98,1395.41,1,1
S0414,2026-06-18,Manila,Davao,Carrier D,1471,1381,28378.69,6156.99,3809.85,6,1
S0415,2026-06-25,Cebu,Iloilo,Carrier E,175,42,2414.94,689.99,947.92,1,1
S0416,2026-02-26,Manila,Cagayan de Oro,Carrier D,1369,1241,26155.63,5545.48,3202.08,6,1
S0417,2026-02-14,Zamboanga,Manila,Carrier A,1399,521,17934.78,5339.55,1466.37,5,1
S0418,2026-03-01,Manila,Zamboanga,Carrier B,1428,518,15527.17,5675.81,1605.16,7,1
S0419,2026-04-14,General Santos,Manila,Carrier D,1660,71,11857.27,7613.12,954.06,7,1
S0420,2026-03-12,Baguio,Manila,Carrier B,261,272,5243.33,1053.06,1202.14,2,1
S0421,2026-03-29,Cebu,Clark,Carrier E,877,979,22211.6,3777.24,2870.32,4,1
S0422,2026-03-04,Cagayan de Oro,Cebu,Carrier B,251,317,6322.31,987.47,1067.16,1,1
S0423,2026-02-26,Davao,Cebu,Carrier B,441,1439,21011.26,1606.12,3965.11,2,1
S0424,2026-06-22,Cebu,Cagayan de Oro,Carrier C,237,128,4661.28,946.05,925.83,1,1
S0425,2026-02-18,Manila,Bacolod,Carrier D,684,967,18008.92,2574.61,2577.22,3,1
S0426,2026-01-28,Manila,Davao,Carrier E,1450,345,15572.62,5824.81,1633.8,5,1
S0427,2026-03-22,Manila,Bacolod,Carrier E,734,953,20526.21,3366.02,2946.2,3,1
S0428,2026-05-28,Manila,Davao,Carrier B,1510,1303,24635.28,6605.4,3682.84,7,1
S0429,2026-01-31,Cebu,Iloilo,Carrier C,180,45,2768.15,692.87,594.26,1,1
S0430,2026-05-21,Manila,Iloilo,Carrier E,639,229,8500.86,2830.41,1055.26,3,1
S0431,2026-04-13,Manila,Iloilo,Carrier A,634,425,10985.42,2818.7,1396.97,2,1
S0432,2026-04-08,Manila,Baguio,Carrier D,258,328,6539.92,1210.11,1102.28,2,1
S0433,2026-05-17,Iloilo,Cebu,Carrier B,185,411,7097.47,816.06,1618.53,1,1
S0434,2026-05-02,Zamboanga,Cebu,Carrier D,503,175,6346.44,2276.2,1171.01,2,1
S0435,2026-03-31,Cagayan de Oro,Davao,Carrier A,272,425,9043.93,1097.35,1703.19,1,1
S0436,2026-05-05,Cagayan de Oro,Cebu,Carrier A,240,467,9254.55,1154.78,1848.35,1,1
S0437,2026-04-18,Zamboanga,Manila,Carrier D,1416,73,10440.86,6433.52,650.73,5,1
S0438,2026-06-15,Cagayan de Oro,Manila,Carrier D,1403,1296,27456.53,5884.18,3421.37,5,1
S0439,2026-02-02,Iloilo,Cebu,Carrier E,183,582,10719.91,684.67,1642.21,1,1
S0440,2026-05-21,Cebu,Manila,Carrier C,802,2526,48281.07,3664.12,5907.79,3,1
S0441,2026-02-28,Manila,Iloilo,Carrier C,640,103,7709.8,2338.5,924.73,3,1
S0442,2026-05-02,Clark,Manila,Carrier E,93,397,7336.96,446.94,1496.97,1,1
S0443,2026-06-12,Cagayan de Oro,Davao,Carrier C,259,383,9639.51,1079.44,1278.88,1,1
S0444,2026-04-16,Manila,Iloilo,Carrier A,641,800,17050.47,2968.7,2341.52,2,1
S0445,2026-05-03,Iloilo,Manila,Carrier D,668,448,11493.05,3018.42,1398.74,3,1
S0446,2026-03-05,Manila,Baguio,Carrier B,256,253,5242.1,1075.98,1000.34,5,0
S0447,2026-06-25,Manila,Iloilo,Carrier C,661,180,8487.49,2572.21,777.97,2,1
S0448,2026-04-26,Manila,Iloilo,Carrier A,660,48,5547.33,3152.54,517.16,2,1
S0449,2026-04-23,Iloilo,Cebu,Carrier A,176,346,6972.71,810.8,1540.88,2,1
S0450,2026-01-09,Manila,Cagayan de Oro,Carrier E,1398,65,11706.65,4948.08,725.09,5,1
S0451,2026-04-08,Cebu,Zamboanga,Carrier D,504,168,6669.07,2372.15,1112.17,2,1
S0452,2026-01-25,Bacolod,Manila,Carrier B,733,554,11551.27,2706.55,1896.3,6,0
S0453,2026-02-01,Manila,Iloilo,Carrier A,661,1023,20407.88,2494.32,2618.36,3,1
S0454,2026-02-12,Cebu,Bacolod,Carrier B,111,165,4087.83,444.36,1077.45,1,1
S0455,2026-01-23,Manila,Iloilo,Carrier C,653,225,9956.02,2584.45,831.03,2,1
S0456,2026-05-18,Cebu,Bacolod,Carrier A,106,1839,28461.81,494.83,4829.12,1,1
S0457,2026-06-26,Cagayan de Oro,Manila,Carrier A,1384,58,11072.43,5839.75,753.24,5,1
S0458,2026-05-20,Manila,Cagayan de Oro,Carrier A,1384,840,22541.07,6259.99,2189.33,5,1
S0459,2026-03-09,Manila,General Santos,Carrier D,1651,357,16305.87,7457.17,1457.24,6,1
S0460,2026-03-24,Iloilo,Cebu,Carrier C,183,260,6663.74,778.54,1202.88,1,1
S0461,2026-06-14,Iloilo,Manila,Carrier C,629,60,7016.81,2494.03,450.76,2,1
S0462,2026-01-09,General Santos,Manila,Carrier C,1708,375,19862.63,6236.95,1344.81,5,1
S0463,2026-02-23,Cebu,Davao,Carrier D,469,324,8425.41,1812.24,1458.89,3,1
S0464,2026-01-15,Cebu,Zamboanga,Carrier A,511,72,5174.98,2079.93,1034.75,2,1
S0465,2026-05-17,Cagayan de Oro,Manila,Carrier C,1319,419,18001.65,5969.68,1556.68,4,1
S0466,2026-05-28,Manila,Cagayan de Oro,Carrier C,1351,1004,27141.84,5748.1,2749.73,4,1
S0467,2026-06-03,Clark,Manila,Carrier B,89,2183,28025.17,364.38,5561.11,1,1
S0468,2026-06-05,Baguio,Manila,Carrier B,252,399,7489.14,1029.77,1449.24,2,1
S0469,2026-01-09,Iloilo,Bacolod,Carrier B,50,2300,29223.84,183.93,5493.13,1,1
S0470,2026-06-26,Cebu,Zamboanga,Carrier B,542,420,9139.21,2118.49,1500.22,3,1
S0471,2026-05-30,Manila,Iloilo,Carrier B,638,420,9655.06,2731.46,1270.32,3,1
S0472,2026-05-05,Cebu,Zamboanga,Carrier C,531,1112,23380.94,2304.96,3184.87,2,1
S0473,2026-01-15,Clark,Cebu,Carrier D,841,296,10648.86,3001.77,1413.43,4,1
S0474,2026-01-03,Zamboanga,Manila,Carrier A,1423,374,15489.99,5463.56,1318.9,5,1
S0475,2026-06-22,Iloilo,Cebu,Carrier B,179,446,7430.37,714.95,1455.07,1,1
S0476,2026-01-22,Manila,Bacolod,Carrier C,718,177,9063.87,2699.8,1108.12,3,1
S0477,2026-02-20,Manila,Bacolod,Carrier A,713,470,12655.99,2703.37,1376.99,3,1
S0478,2026-05-28,Manila,Davao,Carrier B,1530,232,11922.42,6963.57,824.92,10,0
S0479,2026-04-24,Zamboanga,Manila,Carrier E,1399,159,13061.31,6279.49,1086.89,5,1
S0480,2026-03-04,Cebu,Clark,Carrier D,886,811,16964.29,3887.74,2150.97,4,1
S0481,2026-02-23,Cebu,Cagayan de Oro,Carrier C,234,664,13750.5,942.97,2356.18,1,1
S0482,2026-04-07,General Santos,Manila,Carrier A,1682,124,13544.66,8359.18,943.58,6,1
S0483,2026-01-03,Cebu,Manila,Carrier C,795,1138,25501.05,2831.47,2979.1,3,1
S0484,2026-04-08,Bacolod,Manila,Carrier E,716,338,11101.51,3176.82,1162.93,3,1
S0485,2026-01-06,Manila,Cebu,Carrier B,813,342,9820.67,2851.33,1462.99,4,1
S0486,2026-05-09,Manila,Iloilo,Carrier A,627,260,9335.13,3032.05,1438.48,3,1
S0487,2026-03-29,General Santos,Davao,Carrier A,152,256,6138.81,658.55,1238.51,1,1
S0488,2026-02-09,Manila,Clark,Carrier C,88,308,6373.77,356.26,1326.22,1,1
S0489,2026-02-05,Iloilo,Manila,Carrier C,665,105,8082.34,2828.14,618.09,3,1
S0490,2026-03-23,Cebu,Manila,Carrier C,786,131,9238.82,3155.49,605.89,5,0
S0491,2026-03-19,Clark,Manila,Carrier E,93,1258,20648.95,413.48,3131.66,1,1
S0492,2026-06-06,Manila,Zamboanga,Carrier C,1420,448,18501.59,5485.52,1333.29,5,1
S0493,2026-06-04,Clark,Manila,Carrier A,91,260,5311.62,359.92,1007.76,3,0
S0494,2026-04-16,Baguio,Manila,Carrier A,255,142,4385.75,1299.37,875.97,1,1
S0495,2026-04-28,Davao,General Santos,Carrier D,149,461,8473.12,732.69,1550.69,1,1
S0496,2026-05-18,Bacolod,Manila,Carrier D,727,370,10461.28,3430.43,1139.45,4,1
S0497,2026-04-12,Iloilo,Bacolod,Carrier B,48,691,10179.63,216.69,2083.93,1,1
S0498,2026-03-15,Clark,Manila,Carrier C,89,65,2742.18,357.1,940.94,1,1
S0499,2026-01-29,Manila,Baguio,Carrier E,253,395,8644.32,934.24,1183.95,1,1
S0500,2026-02-21,Davao,General Santos,Carrier B,145,510,8236.87,542.23,1861.96,1,1
S0501,2026-06-12,Manila,Cagayan de Oro,Carrier B,1359,744,17456.83,6089.4,2164.01,6,1
S0502,2026-03-27,General Santos,Manila,Carrier A,1681,954,25384.99,7397.07,2650.55,6,1
S0503,2026-04-25,Manila,Iloilo,Carrier E,634,1493,27625.93,3139.38,3591.92,3,1
S0504,2026-01-02,Manila,Zamboanga,Carrier A,1406,524,17673.49,5293.11,1813.53,5,1
S0505,2026-03-13,Manila,Zamboanga,Carrier D,1414,62,10266.2,6165.57,458.43,6,1
S0506,2026-06-04,Iloilo,Manila,Carrier A,677,282,9156.47,2907.78,1287.05,3,1
S0507,2026-05-24,Manila,Baguio,Carrier C,250,1246,23049.39,1085.0,3262.34,1,1
S0508,2026-04-20,Zamboanga,Cebu,Carrier B,502,98,5269.73,2319.34,763.85,2,1
S0509,2026-01-15,Manila,Davao,Carrier C,1538,2000,45315.68,6020.81,5260.34,5,1
S0510,2026-06-05,Zamboanga,Cebu,Carrier C,511,479,13084.54,2175.04,1651.64,2,1
S0511,2026-02-16,Davao,General Santos,Carrier B,147,136,3076.65,577.68,1077.24,1,1
S0512,2026-06-07,Bacolod,Iloilo,Carrier B,49,409,6408.26,188.8,1320.51,1,1
S0513,2026-03-20,Iloilo,Cebu  ,Carrier D,656,94,6176.04,2745.5,848.15,3,1
S0514,2026-02-19,Manila,Cagayan de Oro,Carrier C,1337,1155,30170.78,5406.96,3129.9,4,1
S0515,2026-05-18,General Santos,Davao,Carrier D,150,1222,17984.52,674.87,3327.37,1,1
S0516,2026-01-05,Manila,Baguio,Carrier D,255,1025,16274.65,1041.81,2723.28,4,0
S0517,2026-05-17,Zamboanga,Cebu,Carrier B,525,446,9658.63,2448.84,1704.36,3,1
S0518,2026-04-16,Manila,Davao,Carrier B,1558,835,19436.23,7430.22,2242.01,7,1
S0519,2026-02-21,Baguio,Clark,Carrier A,159,336,6875.93,597.22,1593.38,1,1
S0520,2026-03-25,Davao,Manila,Carrier D,1557,1291,28274.19,6237.18,3574.94,6,1
S0521,2026-05-14,Manila,Davao,Carrier A,1481,888,23822.6,6463.67,2787.11,5,1
S0522,2026-03-21,Manila,Cebu,Carrier C,802,145,8948.34,3296.75,938.37,3,1
S0523,2026-03-11,Davao,Manila,Carrier A,1476,478,17528.16,5986.94,1561.79,5,1
S0524,2026-06-30,Bacolod,Cebu,Carrier A,111,207,5097.32,466.99,785.84,1,1
S0525,2026-01-13,Manila,Davao,Carrier B,1447,128,10476.64,5580.2,1083.3,7,1
S0526,2026-03-21,Manila,Cagayan de Oro,Carrier D,1320,785,19373.25,5997.95,2485.66,5,1
S0527,2026-06-28,Clark,Manila,Carrier C,90,597,11507.82,360.05,1747.68,1,1
S0528,2026-04-04,Cagayan de Oro,Manila,Carrier C,1381,739,23687.73,6510.72,1943.96,4,1
S0529,2026-04-29,Zamboanga,Cebu,Carrier B,512,424,8962.51,2395.3,1661.36,2,1
S0530,2026-01-19,Cebu,Bacolod,Carrier B,110,280,5142.07,421.21,1500.34,1,1
S0531,2026-06-27,General Santos,Manila,Carrier B,1700,736,19233.17,6806.02,2316.77,10,0
S0532,2026-05-05,Manila,Davao,Carrier B,1520,86,10205.86,6606.34,732.68,7,1
S0533,2026-06-02,Cagayan de Oro,Cebu,Carrier B,238,525,8301.73,1045.3,1987.36,2,1
S0534,2026-01-01,Cagayan de Oro,Cebu,Carrier B,244,195,4819.97,919.36,852.4,2,1
S0535,2026-06-23,Iloilo,Manila,Carrier B,679,1862,27301.74,2651.71,4401.27,4,1
S0536,2026-02-02,Zamboanga,Cebu,Carrier E,502,1587,28170.44,2002.96,4378.62,2,1
S0537,2026-01-08,Baguio,Manila,Carrier B,255,212,4854.67,950.64,1093.47,2,1
S0538,2026-02-18,Manila,General Santos,Carrier B,1709,282,13468.75,7156.76,995.73,7,1
S0539,2026-02-06,Iloilo,Cebu,Carrier B,180,2122,27529.94,727.55,5217.91,1,1
S0540,2026-06-04,Clark,Cebu,Carrier B,863,288,9505.39,3540.8,1069.04,4,1
S0541,2026-05-08,Zamboanga,Cebu,Carrier B,510,278,7202.89,2238.17,1498.54,3,1
S0542,2026-01-29,General Santos,Manila,Carrier A,1726,629,21346.16,6935.91,2134.15,6,1
S0543,2026-05-14,General Santos,Davao,Carrier B,145,649,10187.17,606.29,2108.01,1,1
S0544,2026-01-14,Clark,Baguio,Carrier A,161,312,6949.38,619.04,1185.31,3,0
S0545,2026-03-16,Manila,Baguio,Carrier C,255,203,6505.65,1043.68,1124.18,1,1
S0546,2026-06-18,Bacolod,Iloilo,Carrier C,51,192,4133.82,213.37,1233.27,1,1
S0547,2026-03-13,Manila,Iloilo,Carrier D,639,456,11534.32,2823.57,1698.69,3,1
S0548,2026-06-29,Baguio,Manila,Carrier C,244,55,4173.63,1096.18,778.33,2,1
S0549,2026-04-16,Cagayan de Oro,Cebu,Carrier B,235,496,8050.9,1158.11,1598.25,2,1
S0550,2026-01-30,Cebu,Manila,Carrier B,781,331,9717.09,3168.4,1168.4,4,1
S0551,2026-03-09,Davao,Manila,Carrier A,1557,1219,28661.85,6815.84,3558.86,6,1
S0552,2026-05-17,Zamboanga,Manila,Carrier B,1464,1165,23523.56,6391.24,3023.25,6,1
S0553,2026-04-11,Clark,Manila,Carrier A,91,541,9654.67,433.63,1896.83,1,1
S0554,2026-01-03,Cebu,Davao,Carrier A,465,86,4876.43,1751.72,620.85,2,1
S0555,2026-01-07,Manila,Zamboanga,Carrier C,1351,1049,27937.05,5215.44,2680.87,5,1
S0556,2026-06-04,Manila,Davao,Carrier E,1528,415,18130.67,6791.72,1630.39,5,1
S0557,2026-01-20,Zamboanga,Manila,Carrier A,1460,290,15105.89,5787.57,1132.04,5,1
S0558,2026-01-16,Cagayan de Oro,Manila,Carrier A,1336,1441,30232.46,5028.53,3765.23,5,1
S0559,2026-02-15,Zamboanga,Manila,Carrier C,1357,293,15858.58,5025.0,1209.55,4,1
S0560,2026-01-19,General Santos,Manila,Carrier B,1621,1060,22376.65,6298.11,3191.74,8,1
S0561,2026-06-29,Manila,Cagayan de Oro,Carrier A,1343,593,18573.27,5594.1,1846.95,5,1
S0562,2026-01-18,Manila,General Santos,Carrier E,1584,806,24005.87,6083.96,2634.23,5,1
S0563,2026-04-13,Cebu,Manila,Carrier C,818,244,11357.2,3786.07,1341.51,3,1
S0564,2026-02-21,Manila,Baguio,Carrier B,240,135,4144.28,1008.65,975.37,1,1
S0565,2026-06-11,Manila,Clark,Carrier A,87,51,2798.46,348.44,645.46,1,1
S0566,2026-05-08,Manila,General Santos,Carrier B,1707,2506,40428.28,7110.5,6285.87,7,1
S0567,2026-06-17,Cebu,Davao,Carrier C,450,973,20042.33,1904.88,2995.49,1,1
S0568,2026-06-17,Manila,Cebu,Carrier C,812,165,9800.67,3130.43,1042.6,3,1
S0569,2026-01-25,Clark,Manila,Carrier C,87,806,14587.92,330.45,2552.71,1,1
S0570,2026-04-20,Manila,Cagayan de Oro,Carrier D,1397,271,12954.67,6831.2,1223.73,6,0
S0571,2026-01-12,Manila,Zamboanga,Carrier A,1386,108,11514.0,5432.22,869.64,5,1
S0572,2026-01-11,Davao,Manila,Carrier C,1546,252,16101.21,6231.64,902.83,4,1
S0573,2026-06-30,Zamboanga,Manila,Carrier B,1455,781,18689.0,6269.08,2141.9,7,1
S0574,2026-04-16,Baguio,Manila,Carrier C,243,448,10407.55,1174.94,1338.41,2,1
S0575,2026-04-18,Manila,Cebu,Carrier A,765,379,11044.91,3553.46,1590.48,3,1
S0576,2026-06-10,Cebu,Davao,Carrier A,443,756,14962.22,1990.57,2247.85,2,1
S0577,2026-01-12,Cebu,Manila,Carrier A,774,170,8615.17,3124.77,945.89,3,1
S0578,2026-05-18,Manila,Baguio,Carrier B,257,95,3945.68,1193.21,864.62,1,1
S0579,2026-06-23,Clark,Baguio,Carrier A,156,156,4001.42,642.96,763.17,1,1
S0580,2026-05-30,Manila,Bacolod,Carrier A,728,1223,23316.39,3205.51,3072.44,3,1
S0581,2026-03-11,Manila,Baguio,Carrier C,242,67,3510.2,1087.9,722.55,1,1
S0582,2026-03-17,Manila,Zamboanga,Carrier C,1443,465,18889.81,6603.38,1836.0,4,1
S0583,2026-05-06,Davao,Cagayan de Oro,Carrier B,254,319,5790.66,1125.84,1525.36,1,1
S0584,2026-02-26,General Santos,Davao,Carrier A,151,423,7581.55,642.6,1254.64,1,1
S0585,2026-01-09,Manila,Clark,Carrier D,89,576,8926.69,337.94,1617.05,1,1
S0586,2026-04-15,Cebu,Clark,Carrier B,826,509,11281.29,3910.81,1602.7,7,0
S0587,2026-05-30,Manila,Cebu,Carrier D,780,972,18871.16,3659.73,2660.65,3,1
S0588,2026-06-10,Cebu,Manila,Carrier B,811,54,5966.26,3265.11,986.46,4,1
S0589,2026-06-25,Cebu,Manila,Carrier D,810,65,7352.92,3480.41,975.79,3,1
S0590,2026-06-08,Manila,Cebu,Carrier C,774,589,16457.06,3376.94,1678.84,3,1
S0591,2026-06-16,Manila,Bacolod,Carrier C,731,1478,30514.46,3175.37,3686.86,2,1
S0592,2026-06-24,Manila,Clark,Carrier B,86,311,5272.49,378.44,1266.3,3,0
S0593,2026-04-26,Manila,Zamboanga,Carrier E,1444,784,23183.08,6382.3,2559.94,5,1
S0594,2026-02-15,Manila,Iloilo,Carrier A,679,185,8291.56,2681.83,1232.0,3,1
S0595,2026-03-17,Manila,Clark,Carrier E,91,329,6568.08,402.03,1036.69,1,1
S0596,2026-03-01,Cebu,Zamboanga,Carrier B,523,428,9218.68,2328.04,1533.29,3,1
S0597,2026-05-21,Clark,Manila,Carrier A,88,740,11901.94,379.44,2218.55,1,1
S0598,2026-01-13,Davao,Manila,Carrier E,1478,473,17874.19,5648.14,1449.97,5,1
S0599,2026-06-20,Cebu,Bacolod,Carrier A,107,2325,35252.7,443.03,5636.8,1,1
S0600,2026-06-20,Iloilo,Manila,Carrier B,644,389,8901.56,2606.45,1708.06,3,1
S0601,2026-02-07,Cebu,Clark,Carrier A,886,1620,30155.3,3505.62,4252.35,3,1
S0602,2026-05-27,Cebu,Davao,Carrier D,464,1189,19771.62,1951.52,3203.19,2,1
S0603,2026-01-30,Iloilo,Manila,Carrier D,647,305,8727.85,2283.56,1355.79,3,1
S0604,2026-03-13,Manila,Baguio,Carrier D,241,548,10352.23,1103.79,1742.25,1,1
S0605,2026-05-11,Cebu,Clark,Carrier B,885,112,7503.68,3885.56,770.1,4,1
S0606,2026-04-25,Cagayan de Oro,Davao,Carrier D,251,304,7155.31,1250.18,1141.98,4,0
S0607,2026-04-17,Davao,Manila,Carrier A,1519,144,12959.69,7639.54,1208.78,7,0
S0608,2026-01-23,Manila,Cebu,Carrier A,793,126,7950.84,3046.15,1126.12,3,1
S0609,2026-03-16,Manila,General Santos,Carrier D,1590,849,22139.31,6831.23,2445.87,6,1
S0610,2026-03-09,Iloilo,Manila,Carrier C,661,99,7624.04,2717.65,625.42,3,1
S0611,2026-01-08,Manila,Davao,Carrier E,1477,71,12301.62,5685.4,795.54,6,1
S0612,2026-05-02,Davao,Clark,Carrier B,1633,634,17095.91,7040.65,2043.79,7,1
S0613,2026-06-27,Davao,Manila,Carrier A,1462,284,15041.25,5970.34,1098.71,8,0
S0614,2026-02-19,Cagayan de Oro,Cebu,Carrier A,234,668,12189.76,979.88,2265.69,1,1
S0615,2026-06-25,Cebu,Iloilo,Carrier C,178,234,5816.38,700.82,983.65,1,1
S0616,2026-02-11,Manila,Davao,Carrier A,1460,133,12838.76,5874.64,1091.45,5,1
S0617,2026-05-22,Cebu,Iloilo,Carrier B,185,1154,15740.53,780.59,2849.23,1,1
S0618,2026-02-05,Cebu,Zamboanga,Carrier C,540,688,16171.93,2205.75,1830.86,2,1
S0619,2026-06-27,Davao,Manila,Carrier A,1470,102,11639.15,6332.2,994.82,5,1
S0620,2026-04-21,Manila,Cebu,Carrier D,756,364,10168.03,3372.05,1252.61,3,1
S0621,2026-01-25,Cebu,Bacolod,Carrier A,114,1081,16995.03,422.91,,4,0
S0622,2026-03-31,Manila,Cagayan de Oro,Carrier D,1399,467,15997.2,5542.91,1819.15,6,1
S0623,2026-02-19,Clark,Davao,Carrier D,1541,41,11348.46,6503.41,942.49,7,1
S0624,2026-06-28,General Santos,Manila,Carrier E,1649,129,13959.27,6760.05,712.36,5,1
S0625,2026-03-22,Manila,Davao,Carrier A,1454,686,20570.48,6244.79,1833.57,5,1
S0626,2026-03-14,Clark,Manila,Carrier C,92,867,15754.07,385.74,2798.38,1,1
S0627,2026-05-02,Cebu,Clark,Carrier A,844,544,14512.8,3721.75,1810.4,3,1
S0628,2026-04-12,Cagayan de Oro,Manila,Carrier A,1367,1207,27778.33,6041.02,3540.52,5,1
S0629,2026-04-14,Manila,Davao,Carrier D,1553,186,13368.62,7473.44,872.98,6,1
S0630,2026-04-13,Manila,Cagayan de Oro,Carrier E,1377,2012,41089.76,6171.72,4999.18,4,1
S0631,2026-03-01,Zamboanga,Manila,Carrier A,1360,64,10363.83,5953.11,1024.04,5,1
S0632,2026-02-09,Iloilo,Manila,Carrier D,660,526,12219.55,2605.06,1736.81,3,1
S0633,2026-05-10,Manila,Iloilo,Carrier D,644,395,10784.32,2671.28,1427.24,3,1
S0634,2026-03-22,Zamboanga,Cebu,Carrier A,519,127,6374.69,2307.6,1110.22,2,1
S0635,2026-03-21,Iloilo,Cebu,Carrier A,180,545,10182.58,788.8,1842.33,1,1
S0636,2026-05-10,Cebu,Manila,Carrier C,767,253,10957.6,3585.86,1027.26,2,1
S0637,2026-02-02,Zamboanga,Cebu,Carrier D,515,52,5291.49,1983.59,472.81,2,1
S0638,2026-03-31,Cebu,Manila,Carrier A,765,208,8571.77,3353.77,1278.96,3,1
S0639,2026-05-18,Iloilo,Manila,Carrier D,650,417,11067.41,2805.77,1634.98,5,0
S0640,2026-05-27,Cagayan de Oro,Manila,Carrier D,1365,87,10826.26,5960.02,793.06,6,1
S0641,2026-06-07,Iloilo,Manila,Carrier A,680,494,13024.71,2649.26,1897.0,2,1
S0642,2026-03-18,Bacolod,Iloilo,Carrier A,49,651,10286.08,220.03,1789.04,1,1
S0643,2026-05-16,Manila,Bacolod,Carrier D,685,514,11994.7,3221.0,1690.55,3,1
S0644,2026-04-13,Manila,Iloilo,Carrier C,654,396,12706.32,3170.04,1480.93,2,1
S0645,2026-06-19,Clark,Davao,Carrier B,1622,1285,25519.92,6904.08,3588.47,7,1
S0646,2026-06-10,Cebu,Manila,Carrier B,762,163,7356.35,3320.48,1165.07,5,0
S0647,2026-06-12,Manila,Baguio,Carrier D,249,507,9147.24,1057.68,1658.92,1,1
S0648,2026-03-04,Bacolod,Cebu,Carrier B,108,2174,28114.98,489.48,5203.99,1,1
S0649,2026-03-13,Cebu,Davao,Carrier D,439,1533,24407.53,1724.86,4188.35,2,1
S0650,2026-01-17,Clark,Baguio,Carrier B,159,522,7838.19,647.04,1882.94,1,1
S0651,2026-05-09,Clark,Cebu,Carrier D,855,1385,25438.61,3681.58,3877.74,3,1
S0652,2026-03-22,Manila,Cagayan de Oro,Carrier B,1366,660,16190.74,5741.95,1838.57,8,0
S0653,2026-04-15,Manila,Iloilo,Carrier B,658,251,8074.15,3033.73,1106.47,5,0
S0654,2026-04-03,Manila,Bacolod,Carrier B,695,506,11351.67,3055.54,1856.87,4,1
S0655,2026-06-21,Baguio,Manila,Carrier B,252,1471,20228.7,1105.99,3609.43,4,0
S0656,2026-01-03,Baguio,Clark,Carrier E,159,172,4295.1,635.4,819.68,1,1
S0657,2026-04-23,Zamboanga,Manila,Carrier D,1454,274,13262.22,7311.44,1396.72,6,1
S0658,2026-04-16,Clark,Cebu,Carrier B,841,1168,19438.12,3777.66,3026.18,4,1
S0659,2026-05-21,Cebu,Cagayan de Oro,Carrier A,240,64,3629.19,1098.57,915.41,1,1
S0660,2026-06-10,Iloilo,Manila,Carrier A,657,169,7934.09,2863.85,1061.31,2,1
S0661,2026-04-16,Cebu,Bacolod,Carrier B,108,637,9140.76,528.39,2197.46,1,1
S0662,2026-04-17,Manila,Cagayan de Oro,Carrier B,1343,849,18714.35,5890.07,2181.58,6,1
S0663,2026-02-28,Clark,Baguio,Carrier A,167,583,10153.63,649.53,1839.94,1,1
S0664,2026-04-05,Manila,Baguio,Carrier A,252,375,8317.66,1279.03,1621.35,1,1
S0665,2026-02-22,Manila,Baguio,Carrier D,259,192,5194.56,963.01,1236.2,4,0
S0666,2026-06-23,Manila,Baguio,Carrier D,244,53,3706.87,976.75,687.19,1,1
S0667,2026-06-15,Clark,Manila,Carrier A,86,215,4850.17,370.23,1201.0,1,1
S0668,2026-03-07,Cebu,Manila,Carrier A,787,1243,24005.31,3271.39,3398.42,3,1
S0669,2026-01-12,Manila,Cebu,Carrier B,784,1747,26788.14,2803.9,4678.74,3,1
S0670,2026-02-13,Bacolod,Manila,Carrier D,730,103,6741.12,2899.0,611.68,3,1
S0671,2026-02-02,Manila,Bacolod,Carrier B,733,241,7838.13,3083.51,988.13,7,0
S0672,2026-03-22,Manila,Clark,Carrier D,87,344,6634.32,373.57,1610.51,1,1
S0673,2026-02-18,Davao,Manila,Carrier A,1471,175,13324.24,5754.26,1282.12,6,1
S0674,2026-04-02,Iloilo,Bacolod,Carrier B,50,93,2628.08,224.13,714.36,1,1
S0675,2026-02-13,Cebu,Cagayan de Oro,Carrier C,248,529,11280.56,1058.19,1466.28,1,1
S0676,2026-01-20,Manila,Iloilo,Carrier A,653,219,8198.71,2672.5,854.99,3,1
S0677,2026-01-28,Zamboanga,Cebu,Carrier A,506,839,16542.79,1908.67,2718.92,2,1
S0678,2026-01-12,Cebu,Davao,Carrier B,470,631,11495.76,1916.71,2029.7,2,1
S0679,2026-06-14,Manila,Iloilo,Carrier D,670,396,10608.99,2618.02,1324.3,3,1
S0680,2026-04-13,Manila,Davao,Carrier A,1555,720,21299.31,7684.72,2276.44,5,1
S0681,2026-04-21,Cebu,Cagayan de Oro,Carrier E,250,456,9523.34,1110.76,1523.67,1,1
S0682,2026-04-10,Manila,Bacolod,Carrier B,707,675,13390.79,3419.43,2045.46,3,1
S0683,2026-03-29,Davao,Clark,Carrier C,1612,602,23151.27,6890.62,2012.74,5,1
S0684,2026-01-21,Clark,Baguio,Carrier A,160,101,3901.3,641.22,836.06,1,1
S0685,2026-01-20,Baguio,Clark,Carrier B,160,279,5243.62,629.43,1401.49,1,1
S0686,2026-05-09,Manila,Cebu,Carrier B,800,734,14647.07,3326.2,2164.55,4,1
S0687,2026-04-27,Cagayan de Oro,Cebu,Carrier D,240,227,5973.01,1196.55,926.04,3,0
S0688,2026-06-22,Manila,Davao,Carrier A,1512,95,11905.54,6297.02,924.08,9,0
S0689,2026-05-05,Iloilo,Manila,Carrier C,671,567,15744.25,3093.06,2030.18,2,1
S0690,2026-02-18,Manila,Davao,Carrier E,1442,921,24534.03,5834.3,2716.04,5,1
S0691,2026-05-18,Manila,Baguio,Carrier B,246,329,5877.18,1044.13,1115.25,4,0
S0692,2026-01-06,Davao,Cagayan de Oro,Carrier A,263,419,9083.51,927.59,1226.52,2,1
S0693,2026-04-17,Zamboanga,Cebu,Carrier C,533,403,11350.02,2526.69,1478.26,2,1
S0694,2026-06-23,Clark,Baguio,Carrier A,166,68,2581.37,702.36,781.55,1,1
S0695,2026-05-02,Manila,Davao,Carrier C,1524,307,17130.11,6463.33,1411.13,5,1
S0696,2026-05-10,Baguio,Manila,Carrier B,260,454,8303.43,1195.12,1377.5,1,1
S0697,2026-04-17,Cebu,Zamboanga,Carrier D,530,755,14783.56,2656.28,2334.11,2,1
S0698,2026-06-20,Manila,Bacolod,Carrier A,682,344,10697.13,3052.85,1353.04,3,1
S0699,2026-01-05,Manila,Cagayan de Oro,Carrier C,1327,126,13119.85,5045.41,1061.29,4,1
S0700,2026-02-28,Manila,Davao,Carrier A,1470,227,13715.79,5388.07,1326.03,5,1
S0701,2026-06-26,Cagayan de Oro,Davao,Carrier A,263,63,4069.54,1151.93,1016.19,5,0
S0702,2026-06-06,Cebu,Bacolod,Carrier D,114,59,2109.85,486.43,952.32,1,1
S0703,2026-03-16,Cebu,Iloilo,Carrier B,185,959,13391.46,770.19,2901.3,1,1
S0704,2026-04-17,Cagayan de Oro,Cebu,Carrier D,230,328,6643.06,1035.04,1181.21,2,1
S0705,2026-06-11,Cebu,Davao,Carrier D,438,286,7309.16,1919.24,1177.25,2,1
S0706,2026-05-13,Cebu,Bacolod,Carrier A,109,110,2805.17,512.7,1108.19,1,1
S0707,2026-02-12,Manila,Clark,Carrier A,89,1190,18367.68,355.92,3504.64,1,1
S0708,2026-05-14,Davao,Clark,Carrier E,1576,582,20916.15,7317.29,1768.62,5,1
S0709,2026-05-16,Manila,Zamboanga,Carrier B,1362,504,14911.34,6228.73,1779.71,6,1
S0710,2026-06-16,Cagayan de Oro,Manila,Carrier B,1319,56,8642.53,5711.99,867.23,8,0
S0711,2026-02-24,Manila,Davao,Carrier C,1514,676,22891.65,5531.36,2265.16,5,1
S0712,2026-03-19,Iloilo,Cebu,Carrier A,188,67,3064.48,816.39,660.08,1,1
S0713,2026-02-01,Clark,Manila,Carrier A,91,226,4584.27,373.77,1146.16,4,0
S0714,2026-05-17,Zamboanga,Cebu,Carrier B,510,534,10605.24,2313.46,1558.78,3,1
S0715,2026-01-27,Manila,Cagayan de Oro,Carrier D,1366,241,12334.35,5366.57,1327.26,5,1
S0716,2026-02-03,Manila,Bacolod,Carrier B,700,376,9470.48,2774.79,1364.07,3,1
S0717,2026-04-19,Bacolod,Iloilo,Carrier E,51,632,10930.77,229.18,1993.87,1,1
S0718,2026-06-30,Bacolod,Manila,Carrier C,705,313,10855.34,2785.1,1324.02,3,1
S0719,2026-04-15,Manila,Davao,Carrier B,1489,372,13211.62,6851.99,1343.08,7,1
S0720,2026-02-06,Davao,Manila,Carrier A,1519,1051,26434.93,5729.91,3103.68,6,1
S0721,2026-03-31,Cebu,Manila,Carrier B,751,206,7529.21,3113.32,979.58,5,0
S0722,2026-02-05,Bacolod,Manila,Carrier B,701,308,8921.67,2692.88,1457.49,4,1
S0723,2026-03-01,Clark,Baguio,Carrier A,158,539,9735.65,648.5,1538.92,1,1
S0724,2026-06-11,Bacolod,Cebu,Carrier C,112,99,3515.27,445.12,889.02,1,1
S0725,2026-05-26,Bacolod,Manila,Carrier B,719,48,5628.37,3240.43,983.03,3,1
S0726,2026-06-30,Zamboanga,Cebu,Carrier A,526,383,9767.78,2229.95,1437.48,3,1
S0727,2026-02-16,Manila,Clark,Carrier B,93,173,3234.36,343.97,781.49,1,1
S0728,2026-01-23,Davao,Manila,Carrier C,1568,67,14001.36,5654.72,875.38,5,1
S0729,2026-02-06,Manila,Clark,Carrier B,89,831,11273.01,334.99,2579.48,1,1
S0730,2026-05-10,Cagayan de Oro,Manila,Carrier A,1309,321,14070.7,5854.69,1250.7,5,1
S0731,2026-03-10,Manila,General Santos,Carrier A,1671,687,21947.63,6685.72,2152.35,6,1
S0732,2026-05-09,Manila,Baguio,Carrier B,261,1939,26424.78,1177.35,4820.05,2,1
S0733,2026-01-01,Bacolod,Cebu,Carrier C,115,516,10050.69,406.25,1988.29,1,1
S0734,2026-06-24,Cagayan de Oro,Manila,Carrier C,1338,435,17967.95,5186.12,1700.51,4,1
S0735,2026-04-12,Cebu,Iloilo,Carrier D,186,3074,44032.34,842.63,7365.69,1,1
S0736,2026-03-29,Zamboanga,Manila,Carrier C,1467,183,14887.19,,828.97,5,1
S0737,2026-06-27,Davao,Manila,Carrier C,1564,41,12590.1,6196.04,723.67,5,1
S0738,2026-04-11,Manila,General Santos,Carrier C,1700,76,14182.51,8504.05,870.17,5,1
S0739,2026-04-07,Cebu,Zamboanga,Carrier A,515,697,14594.21,2253.85,2111.02,3,1
S0740,2026-02-26,Cebu,Cagayan de Oro,Carrier C,246,595,12338.05,1021.39,1984.14,2,1
S0741,2026-05-07,Clark,Davao,Carrier B,1522,587,16509.71,6286.47,2181.96,7,1
S0742,2026-03-13,General Santos,Manila,Carrier C,1657,525,21839.24,7257.98,1794.08,5,1
S0743,2026-01-17,Manila,Davao,Carrier D,1566,997,24413.26,5735.93,3002.0,9,0
S0744,2026-05-17,Manila,Zamboanga,Carrier E,1429,40,11184.86,6585.1,778.02,5,1
S0745,2026-04-15,Manila,Iloilo,Carrier B,663,241,7789.06,3342.64,964.93,3,1
S0746,2026-04-25,Iloilo,Manila,Carrier B,646,994,16962.63,3309.2,2622.18,4,0
S0747,2026-02-20,Manila,Baguio,Carrier C,246,85,4180.91,1020.11,842.52,1,1
S0748,2026-03-06,Manila,Iloilo,Carrier E,651,844,18629.08,2779.38,2298.85,2,1
S0749,2026-04-23,Cagayan de Oro,Cebu,Carrier C,243,80,3656.96,1068.07,663.97,2,1
S0750,2026-02-02,Cebu,Manila,Carrier A,805,464,12866.06,2978.68,1354.27,3,1
S0751,2026-04-13,Manila,Davao,Carrier A,1541,451,17709.15,6746.59,1522.55,6,1
S0752,2026-06-08,Manila,Davao,Carrier C,1527,51,12993.6,6472.54,477.0,4,1
S0753,2026-06-01,Cebu,Bacolod,Carrier C,107,496,9750.08,441.61,1825.97,1,1
S0754,2026-01-12,Cebu,Manila,Carrier B,770,1485,23588.77,2837.61,4098.13,4,1
S0755,2026-03-21,Manila,Zamboanga,Carrier E,1380,368,16103.08,5539.3,1252.03,5,1
S0756,2026-01-14,Manila,Clark,Carrier A,87,1116,17923.34,322.22,3155.92,4,0
S0757,2026-06-27,Manila,Cagayan de Oro,Carrier E,1366,470,17330.2,5401.35,1606.58,5,1
S0758,2026-02-26,Clark,Cebu,Carrier C,864,322,12344.02,3404.01,1469.41,3,1
S0759,2026-04-07,Manila,Baguio,Carrier E,244,242,5923.33,1071.85,901.51,1,1
S0760,2026-05-30,Baguio,Clark,Carrier E,158,139,3977.3,676.61,763.0,1,1
S0761,2026-03-04,Manila,Baguio,Carrier D,240,1126,17212.39,1050.44,3004.55,2,1
S0762,2026-02-23,Iloilo,Manila,Carrier D,638,526,12504.14,2713.85,2055.82,3,1
S0763,2026-01-17,Manila,Davao,Carrier A,1559,134,13134.63,6108.42,785.57,6,1
S0764,2026-01-12,Cagayan de Oro,Cebu,Carrier D,243,196,4803.6,886.05,1108.88,1,1
S0765,2026-05-11,Clark,Davao,Carrier A,1642,78,12807.92,7555.34,510.52,6,1
S0766,2026-06-15,Cebu,Cagayan de Oro,Carrier B,238,128,4064.41,998.9,871.58,2,1
S0767,2026-05-29,Cagayan de Oro,Manila,Carrier C,1407,56,11903.92,6009.19,941.1,4,1
S0768,2026-04-07,General Santos,Manila,Carrier B,1722,399,14816.89,7635.11,1444.5,8,1
S0769,2026-04-30,Bacolod,Manila,Carrier B,693,294,8208.27,3290.46,1110.61,3,1
S0770,2026-03-09,Zamboanga,Manila,Carrier A,1389,872,22632.82,6047.46,2689.92,6,1
S0771,2026-01-19,Manila,Cagayan de Oro,Carrier B,1362,545,14775.62,5378.66,1960.09,7,1
S0772,2026-06-04,Bacolod,Iloilo,Carrier D,52,645,10442.8,200.27,1898.68,1,1
S0773,2026-04-14,Cebu,Clark,Carrier D,878,45,7213.97,4496.98,969.89,4,1
S0774,2026-02-23,Manila,Bacolod,Carrier D,704,677,14733.85,2765.03,2264.55,3,1
S0775,2026-06-28,Manila,Clark,Carrier D,89,53,1907.14,394.27,599.94,1,1
S0776,2026-06-18,Cebu,Zamboanga,Carrier B,515,560,10538.77,2248.67,1854.56,3,1
S0777,2026-01-09,Clark,Cebu,Carrier E,827,220,10078.09,3194.39,1148.7,4,0
S0778,2026-04-11,Cebu,Manila,Carrier B,775,219,8327.5,3763.12,964.59,4,1
S0779,2026-02-15,Manila,Cebu,Carrier B,797,132,6488.97,3383.07,760.69,4,1
S0780,2026-01-18,Clark,Manila,Carrier A,89,218,5129.74,332.31,1373.36,1,1
S0781,2026-01-18,Cagayan de Oro,Manila,Carrier A,1405,959,23786.98,5610.56,2808.68,5,1
S0782,2026-03-21,General Santos,Manila,Carrier C,1658,184,15641.3,6653.04,743.18,5,1
S0783,2026-05-15,Manila,Cagayan de Oro,Carrier B,1365,319,11814.64,5720.22,1389.58,7,1
S0784,2026-03-18,Cagayan de Oro,Manila,Carrier D,1396,281,13142.24,6053.3,1177.45,6,1
S0785,2026-06-28,General Santos,Manila,Carrier E,1642,163,14947.94,6615.13,1035.45,8,0
S0786,2026-02-25,Baguio,Clark,Carrier D,159,98,3179.12,654.05,818.24,1,1
S0787,2026-02-12,Manila,Iloilo,Carrier B,653,74,5626.45,2683.77,691.49,6,0
S0788,2026-01-10,Manila,Cebu,Carrier E,756,218,9687.08,2865.79,820.54,3,1
S0789,2026-04-23,Davao,Manila,Carrier D,1550,124,11817.57,6891.91,749.29,6,1
S0790,2026-01-20,Cebu,Davao,Carrier A,432,301,7831.14,1697.92,1497.81,2,1
S0791,2026-01-13,Cebu,Zamboanga,Carrier C,537,607,15363.66,2004.89,1820.39,2,1
S0792,2026-04-07,Cagayan de Oro,Cebu,Carrier B,250,162,3924.27,1172.62,1249.97,1,1
S0793,2026-06-21,Cebu,Manila,Carrier A,816,851,18742.91,3533.13,2198.61,3,1
S0794,2026-03-24,General Santos,Manila,Carrier A,1612,391,17587.62,6444.43,1288.47,6,1
S0795,2026-04-13,Cebu,Davao,Carrier A,432,151,6151.16,1979.26,1006.55,1,1
S0796,2026-04-16,Iloilo,Manila,Carrier E,659,88,6830.83,3375.93,1003.88,5,0
S0797,2026-03-25,Iloilo,Bacolod,Carrier C,51,1654,28955.75,211.22,4320.01,1,1
S0798,2026-06-20,Manila,Bacolod,Carrier C,693,435,13137.94,2961.9,1396.46,4,0
S0799,2026-01-06,Manila,Zamboanga,Carrier B,1456,642,16977.73,5638.82,1748.35,7,1
S0800,2026-02-08,Manila,Cagayan de Oro,Carrier A,1374,621,19396.3,5381.16,2192.6,5,1
S0801,2026-01-11,Bacolod,Manila,Carrier C,733,193,9063.34,2940.02,923.36,2,1
S0802,2026-06-20,Iloilo,Bacolod,Carrier C,51,153,4278.18,213.91,746.73,1,1
S0803,2026-05-06,Cebu,Manila,Carrier C,762,108,8047.68,3193.63,893.18,3,1
S0804,2026-03-02,Bacolod,Manila,Carrier B,698,120,5935.54,2934.57,927.51,3,1
S0805,2026-06-12,Manila,Baguio,Carrier B,259,1397,19357.46,1061.44,3655.83,2,1
S0806,2026-04-21,Cagayan de Oro,Cebu,Carrier D,248,49,3083.0,1244.73,863.11,2,1
S0807,2026-02-09,Manila,General Santos,Carrier B,1610,204,11974.19,6425.98,1037.31,7,1
S0808,2026-02-20,Davao,Manila,Carrier A,1465,352,15853.27,5781.76,1629.81,8,0
S0809,2026-04-09,Manila,Bacolod,Carrier C,712,276,10299.87,3610.14,1138.1,3,1
S0810,2026-04-22,Cebu,Clark,Carrier D,875,232,9774.88,4246.01,1031.31,3,1
S0811,2026-04-19,Cebu,Cagayan de Oro,Carrier A,235,794,14097.93,1147.76,2465.28,1,1
S0812,2026-04-27,Cebu,Clark,Carrier A,827,428,12721.98,3715.45,1311.64,3,1
S0813,2026-04-09,Cagayan de Oro,Manila,Carrier E,1367,368,15546.47,6413.2,1607.45,5,1
S0814,2026-05-17,Cebu,Davao,Carrier B,447,278,7192.92,2077.36,964.92,3,1
S0815,2026-03-30,Bacolod,Cebu,Carrier A,108,660,11407.71,423.35,1853.04,1,1
S0816,2026-06-28,Manila,Clark,Carrier B,89,293,4743.32,353.35,1025.2,1,1
S0817,2026-01-29,Clark,Manila,Carrier A,92,67,2247.83,364.1,603.01,1,1
S0818,2026-06-10,Baguio,Clark,Carrier C,155,77,2990.78,608.99,507.96,1,1
S0819,2026-05-05,Cebu,Davao,Carrier A,436,667,12956.93,1980.81,2359.97,2,1
S0820,2026-01-02,Manila,Cagayan de Oro,Carrier E,1359,179,12897.88,5376.48,1056.42,5,1
S0821,2026-03-29,Bacolod,Iloilo,Carrier E,51,532,9362.29,201.68,1684.02,1,1
S0822,2026-04-27,Cagayan de Oro,Davao,Carrier D,259,1205,18401.57,1156.02,3269.38,2,1
S0823,2026-03-05,Manila,Cagayan de Oro,Carrier C,1371,330,16372.52,5543.63,1617.71,5,1
S0824,2026-01-05,Zamboanga,Manila,Carrier E,1454,638,20753.83,5289.66,1994.32,5,1
S0825,2026-03-31,Manila,Clark,Carrier E,93,1989,32416.55,421.47,5116.37,1,1
S0826,2026-02-06,Cagayan de Oro,Davao,Carrier D,270,607,10402.95,1066.69,1687.65,4,0
S0827,2026-02-13,General Santos,Davao,Carrier B,156,390,6359.36,584.0,1724.53,1,1
S0828,2026-01-08,Davao,Manila,Carrier E,1565,694,21902.33,5716.38,2112.58,6,1
S0829,2026-02-04,Clark,Cebu,Carrier B,864,754,14727.36,3263.64,2304.38,5,1
S0830,2026-03-29,Manila,Cagayan de Oro,Carrier D,1383,256,13186.53,5944.34,1376.88,6,1
S0831,2026-01-30,Manila,Iloilo,Carrier B,630,443,9512.48,2563.31,1618.3,3,1
S0832,2026-04-08,General Santos,Manila,Carrier A,1584,385,17226.72,8101.66,1338.79,6,1
S0833,2026-02-02,Bacolod,Manila,Carrier A,709,266,9494.92,2784.31,972.02,3,1
S0834,2026-05-08,Davao,Cebu,Carrier B,437,658,11762.85,2062.27,1768.21,2,1
S0835,2026-06-26,Manila,Davao,Carrier C,1574,332,18301.07,6574.08,1452.88,7,0
S0836,2026-02-09,Cebu,Zamboanga,Carrier D,509,788,14999.3,1867.56,2552.86,2,1
S0837,2026-04-11,Iloilo,Manila,Carrier E,671,118,6856.22,3132.32,813.06,3,1
S0838,2026-04-11,Cagayan de Oro,Manila,Carrier B,1360,576,15089.33,6828.22,1803.46,6,1
S0839,2026-05-29,Davao,Cagayan de Oro,Carrier E,250,203,5948.03,1134.84,1011.73,1,1
S0840,2026-02-23,Baguio,Manila,Carrier D,256,44,3409.72,1023.96,803.79,2,1
S0841,2026-04-20,Davao,Cebu,Carrier A,438,237,7244.63,2228.65,,2,1
S0842,2026-04-22,Davao,Clark,Carrier B,1605,55,10081.06,7609.88,833.79,8,1
S0843,2026-04-07,Cebu,Bacolod,Carrier C,115,82,3159.94,574.06,709.66,1,1
S0844,2026-01-03,Manila,Davao,Carrier B,1451,537,15418.03,5093.01,1825.19,7,1
S0845,2026-01-25,Cebu,Bacolod,Carrier B,107,505,7692.66,411.25,1470.66,4,0
S0846,2026-02-17,Cagayan de Oro,Manila,Carrier B,1381,805,18594.07,5483.99,2109.36,7,1
S0847,2026-06-16,Manila,Davao,Carrier E,1541,1065,27376.91,6543.52,2750.96,5,1
S0848,2026-02-01,Manila,Cebu,Carrier C,789,81,7849.93,3244.38,528.97,2,1
S0849,2026-05-20,Manila,Baguio,Carrier C,261,168,5230.94,1253.8,1212.37,1,1
S0850,2026-02-05,General Santos,Manila,Carrier C,1687,1961,45624.51,6707.78,4740.1,5,1
S0851,2026-03-02,Manila,Cebu,Carrier D,758,149,7352.89,3252.93,982.87,3,1
S0852,2026-04-19,Cebu,Manila,Carrier B,766,1092,18402.54,3395.89,2854.91,4,1
S0853,2026-05-18,Manila,Baguio,Carrier A,254,491,9873.32,1178.01,1718.39,1,1
S0854,2026-02-11,Manila,Clark,Carrier E,87,295,5626.66,349.52,995.51,1,1
S0855,2026-05-21,Cagayan de Oro,Manila,Carrier A,1336,1119,26109.07,5651.63,3240.66,5,1
S0856,2026-02-26,Cagayan de Oro,Manila,Carrier E,1308,126,11985.13,5009.22,1070.01,5,1
S0857,2026-06-29,General Santos,Manila,Carrier A,1625,86,12389.49,6594.7,940.32,6,1
S0858,2026-06-23,Clark,Davao,Carrier C,1592,892,27354.06,6258.03,2268.1,5,1
S0859,2026-02-02,Davao,Manila,Carrier A,1516,1167,27835.89,5866.76,3333.92,6,1
S0860,2026-04-28,Manila,Baguio,Carrier D,262,353,7168.34,1230.12,1641.61,2,1
S0861,2026-03-20,Zamboanga,Manila,Carrier B,1354,702,17249.33,5886.8,1890.42,6,1
S0862,2026-05-28,Cebu,Manila,Carrier C,800,345,12919.55,3852.46,1313.39,3,1
S0863,2026-05-03,Manila,Bacolod,Carrier C,715,382,12162.96,2956.71,1254.51,3,1
S0864,2026-04-19,Cebu,Iloilo,Carrier A,184,644,11925.07,919.22,2245.0,1,1
S0865,2026-06-05,Clark,Manila,Carrier E,87,689,12532.75,344.74,2036.03,1,1
S0866,2026-01-14,Manila,Clark,Carrier B,89,94,3045.21,324.66,830.27,1,1
S0867,2026-03-18,Manila,Bacolod,Carrier A,688,488,12410.02,3126.33,1931.07,3,1
S0868,2026-01-10,Clark,Cebu,Carrier D,884,66,6886.53,3337.89,624.21,3,1
S0869,2026-02-17,Cagayan de Oro,Manila,Carrier B,1297,139,9734.26,5452.57,852.23,7,1
S0870,2026-06-18,Manila,Iloilo,Carrier B,651,244,7894.15,2737.04,998.49,4,1
S0871,2026-04-23,Davao,Manila,Carrier B,1487,240,12337.91,6722.48,941.74,6,1
S0872,2026-03-26,Clark,Baguio,Carrier A,155,333,6971.82,634.96,1285.26,1,1
S0873,2026-02-02,Iloilo,Manila,Carrier E,668,353,11333.46,2784.84,1309.91,2,1
S0874,2026-01-06,Manila,Davao,Carrier A,1486,559,18297.79,5944.8,1787.6,6,1
S0875,2026-05-03,Manila,Iloilo,Carrier D,652,168,6969.42,2928.83,819.28,3,1
S0876,2026-06-29,Manila,Iloilo,Carrier A,672,591,14205.15,2899.36,1901.6,5,0
S0877,2026-06-11,Zamboanga,Manila,Carrier A,1372,57,11263.5,6128.7,681.18,5,1
S0878,2026-01-14,Cagayan de Oro,Manila,Carrier C,1359,1803,40486.57,5103.12,4303.41,4,1
S0879,2026-01-29,Manila,Iloilo,Carrier B,640,283,7739.76,2255.95,947.13,3,1
S0880,2026-02-24,Manila,Iloilo,Carrier C,640,293,10269.94,2525.75,1145.17,2,1
S0881,2026-06-24,Manila,General Santos,Carrier B,1712,648,18037.7,7475.39,2042.92,8,1
S0882,2026-02-23,General Santos,Manila,Carrier A,1596,486,18514.14,5844.22,1950.2,6,1
S0883,2026-02-19,Cebu,Iloilo,Carrier A,187,395,7751.07,765.67,1762.79,1,1
S0884,2026-01-12,Manila,Davao,Carrier C,1496,1039,29371.04,5999.59,2922.01,5,1
S0885,2026-06-11,Iloilo,Cebu,Carrier A,187,284,6741.11,782.14,937.92,1,1
S0886,2026-02-03,Manila,Iloilo,Carrier A,679,1656,28967.07,2818.45,4240.22,3,1
S0887,2026-01-20,Manila,Baguio,Carrier B,256,720,11096.05,937.23,1994.44,1,1
S0888,2026-06-28,Manila,Cebu,Carrier B,813,355,9955.98,3267.21,1592.49,4,1
S0889,2026-01-31,Manila,Baguio,Carrier A,241,57,3041.46,972.01,981.75,1,1
S0890,2026-06-14,Iloilo,Bacolod,Carrier A,52,95,2855.95,221.97,1092.33,4,0
S0891,2026-03-09,Iloilo,Cebu,Carrier C,179,216,5439.13,800.33,1269.56,2,0
S0892,2026-03-07,Davao,Clark,Carrier E,1593,717,23003.36,6352.89,2324.86,5,1
S0893,2026-06-10,Zamboanga,Manila,Carrier D,1413,152,11595.52,5983.51,1119.04,6,1
S0894,2026-03-01,Iloilo,Cebu,Carrier A,179,333,6959.14,756.87,1521.96,1,1
S0895,2026-02-16,Zamboanga,Manila,Carrier A,1346,128,11520.05,5411.16,623.27,5,1
S0896,2026-06-15,Davao,Clark,Carrier C,1531,623,22785.86,6505.35,1897.33,4,1
S0897,2026-06-14,Clark,Cebu,Carrier D,826,180,8998.06,3507.72,1171.44,3,1
S0898,2026-05-19,Cebu,Cagayan de Oro,Carrier C,237,141,5043.12,1073.39,876.8,1,1
S0899,2026-02-09,Baguio,Manila,Carrier A,252,392,7810.31,923.33,1489.19,1,1
S0900,2026-04-17,Davao,Manila,Carrier A,1563,290,15021.95,7608.8,1073.53,6,1
S0901,2026-01-29,Manila,Bacolod,Carrier A,734,1450,26451.16,2600.11,3690.23,3,1
S0902,2026-01-22,General Santos,Davao,Carrier A,152,380,7563.41,594.18,1226.13,1,1
S0903,2026-03-15,Manila,Cagayan de Oro,Carrier E,1308,527,18324.98,5843.6,1886.18,4,1
S0904,2026-02-08,Cebu,Bacolod,Carrier A,107,306,6401.43,455.09,1461.99,1,1
S0905,2026-03-13,Davao,Manila,Carrier A,1483,696,20551.58,6305.8,2119.97,6,1
S0906,2026-06-12,Manila,Cagayan de Oro,Carrier C,1393,167,13839.15,5820.04,987.66,4,1
S0907,2026-04-09,Manila,Davao,Carrier C,1536,714,24332.57,6968.36,1923.15,5,1
S0908,2026-01-05,Manila,Cagayan de Oro,Carrier A,1353,92,11564.49,5026.94,1012.0,5,1
S0909,2026-04-28,Davao,Manila,Carrier E,1555,1138,28650.15,7773.67,2837.12,8,0
S0910,2026-02-06,Manila,Cagayan de Oro,Carrier E,1299,249,13779.35,5267.33,892.06,5,1
S0911,2026-01-08,Davao,Manila,Carrier A,1459,45,11499.04,5470.12,858.25,5,1
S0912,2026-05-16,Cebu,Iloilo,Carrier B,177,225,4991.2,818.46,967.06,2,0
S0913,2026-06-04,Cebu,Cagayan de Oro,Carrier A,241,844,14906.03,1067.98,2489.29,2,1
S0914,2026-05-09,Iloilo,Manila,Carrier E,637,182,7676.29,2800.35,1271.04,3,1
S0915,2026-01-15,Baguio,Manila,Carrier D,244,408,8364.95,974.16,1478.66,1,1
S0916,2026-04-08,Manila,Baguio,Carrier C,258,137,4757.94,1142.72,963.31,2,1
S0917,2026-03-14,Davao,Manila,Carrier A,1454,44,11530.64,5879.05,517.84,6,1
S0918,2026-01-22,Davao,Clark,Carrier C,1597,742,24475.33,5888.56,2498.51,5,1
S0919,2026-03-14,Cebu,Clark,Carrier B,854,262,8674.32,3419.17,1281.21,7,0
S0920,2026-01-26,Bacolod,Manila,Carrier A,720,755,16546.95,2897.45,1983.44,3,1
S0921,2026-01-21,Davao,General Santos,Carrier C,145,1010,19090.13,564.6,2983.3,4,0
S0922,2026-06-05,Zamboanga,Manila,Carrier B,1461,732,17688.1,5970.49,2423.97,10,0
S0923,2026-04-10,Baguio,Manila,Carrier C,262,1466,27253.84,1342.95,3583.64,1,1
S0924,2026-03-21,Manila,General Santos,Carrier D,1727,81,12412.28,7131.04,1038.63,6,1
S0925,2026-04-04,Manila,Cagayan de Oro,Carrier C,1304,317,16241.82,6668.2,1455.29,4,1
S0926,2026-02-01,Davao,Clark,Carrier B,1586,191,11811.27,6387.9,1128.55,7,1
S0927,2026-06-09,Cebu,Clark,Carrier C,844,357,12827.51,3739.9,1494.93,3,1
S0928,2026-03-04,Cebu,Iloilo,Carrier A,181,90,3352.85,778.98,1010.3,1,1
S0929,2026-06-21,Manila,Davao,Carrier C,1502,1076,29732.99,5862.3,3106.27,5,1
S0930,2026-04-21,Manila,Baguio,Carrier B,247,2576,33850.34,1211.22,6252.93,1,1
S0931,2026-02-09,Cebu,Clark,Carrier A,827,417,12888.79,3411.69,1254.84,4,1
S0932,2026-05-02,Manila,Baguio,Carrier A,244,679,12292.62,1050.69,1899.46,1,1
S0933,2026-01-21,Iloilo,Manila,Carrier D,665,374,10348.29,2429.74,1621.13,5,0
S0934,2026-03-18,Manila,Baguio,Carrier B,247,330,6561.83,994.16,1444.01,1,1
S0935,2026-04-10,Cebu,Zamboanga,Carrier E,525,139,6893.17,2525.07,692.57,2,1
S0936,2026-03-23,Manila,Cebu,Carrier E,811,351,11660.96,3612.88,1476.57,3,1
S0937,2026-04-26,Cebu,Clark,Carrier C,881,498,15747.75,3874.4,1843.02,3,1
S0938,2026-02-12,Manila,Zamboanga,Carrier A,1371,135,12069.4,5812.73,819.15,5,1
S0939,2026-03-20,Bacolod,Manila,Carrier C,726,511,14710.7,3045.55,1635.53,3,1
S0940,2026-03-27,Manila,Davao,Carrier B,1463,127,10549.57,6269.13,808.34,7,1
S0941,2026-04-22,Zamboanga,Manila,Carrier E,1432,1103,27141.13,6353.2,3228.94,5,1
S0942,2026-04-16,Manila,Davao,Carrier C,1541,394,18892.06,7323.69,1650.32,5,1
S0943,2026-02-24,Baguio,Manila,Carrier B,250,137,3996.45,928.63,1181.97,2,1
S0944,2026-06-15,Cebu,Iloilo,Carrier A,184,251,5538.94,742.49,1379.96,1,1
S0945,2026-04-17,Cebu,Davao,Carrier E,432,54,4268.45,2147.38,923.26,2,1
S0946,2026-03-23,Manila,Cagayan de Oro,Carrier E,1412,164,13513.69,5713.96,1047.46,5,1
S0947,2026-05-28,Manila,Clark,Carrier B,94,626,9072.96,409.23,1772.27,1,1
S0948,2026-02-02,Bacolod,Manila,Carrier D,711,873,17328.13,2702.08,2552.34,4,1
S0949,2026-01-24,Manila,Cebu,Carrier D,749,114,7308.39,2866.09,1134.24,3,1
S0950,2026-02-03,Iloilo,Bacolod,Carrier D,50,132,3245.02,188.8,706.7,1,1
S0951,2026-04-07,Cagayan de Oro,Cebu, Carrier A ,244,1269,20993.14,1184.66,3439.41,1,1
S0952,2026-06-02,Manila,Davao,Carrier A,1459,129,11954.96,6434.9,1131.43,5,1
S0953,2026-01-06,Manila,Clark,Carrier C,90,146,3993.77,363.33,1001.33,1,1
S0954,2026-03-18,Manila,Cebu,Carrier C,761,459,13680.18,3485.44,1906.04,3,1
S0955,2026-05-20,Manila,Cebu,Carrier A,785,98,7639.44,3540.19,826.4,3,1
S0956,2026-04-04,Manila,Davao,Carrier B,1469,151,11008.58,7468.81,792.75,9,0
S0957,2026-05-22,Zamboanga,Manila,Carrier D,1402,297,14162.27,6711.39,1103.46,5,1
S0958,2026-03-13,Clark,Davao,Carrier D,1531,438,16086.16,6209.25,1696.84,6,1
S0959,2026-06-02,Cebu,Cagayan de Oro,Carrier C,248,460,10354.83,1047.78,1536.38,1,1
S0960,2026-02-12,General Santos,Davao,Carrier A,156,277,6110.58,653.72,1479.63,1,1
S0961,2026-01-30,Manila,Baguio,Carrier D,247,239,5333.01,962.17,1048.98,2,1
S0962,2026-03-23,Davao,Cebu,Carrier A,461,417,9834.39,1878.09,1257.14,2,1
S0963,2026-02-25,Manila,Davao,Carrier C,1477,1006,28786.6,5440.02,3048.8,5,1
S0964,2026-03-23,Bacolod,Cebu,Carrier A,107,346,6227.37,438.96,1132.76,1,1
S0965,2026-06-01,Cagayan de Oro,Manila,Carrier B,1366,504,14901.46,6155.67,1955.79,8,0
S0966,2026-01-10,General Santos,Davao,Carrier A,156,505,8859.35,554.4,1892.51,1,1
S0967,2026-03-30,Cagayan de Oro,Manila,Carrier B,1363,466,13957.37,5983.27,1597.95,8,0
S0968,2026-04-06,Clark,Cebu,Carrier A,823,825,17888.81,4217.95,2631.83,3,1
S0969,2026-01-23,Manila,Baguio,Carrier B,260,1089,16222.93,1056.62,3216.61,1,1
S0970,2026-01-29,Manila,Cebu,Carrier A,770,564,14437.48,2869.61,1960.0,3,1
S0971,2026-01-31,Manila,Davao,Carrier D,1556,1024,24952.6,5830.77,2820.87,6,1
S0972,2026-05-28,Manila,Bacolod,Carrier B,702,706,13414.95,2942.18,2312.92,4,1
S0973,2026-03-04,Cebu,Davao,Carrier A,461,76,5574.19,1823.97,475.08,2,1
S0974,2026-02-18,Manila,Bacolod,Carrier D,693,685,14564.96,2656.95,2373.63,3,1
S0975,2026-05-10,Manila,Davao,Carrier E,1457,259,14749.88,6659.12,991.61,5,1
S0976,2026-04-19,Manila,Baguio,Carrier D,246,510,9059.95,1238.83,1869.02,2,0
S0977,2026-03-10,Manila,Cebu,Carrier B,795,178,7898.65,3158.35,950.48,4,1
S0978,2026-05-11,Manila,Cagayan de Oro,Carrier B,1349,62,8926.0,6463.17,552.76,6,1
S0979,2026-03-12,Bacolod,Manila,Carrier B,703,554,11723.5,3211.68,1650.55,3,1
S0980,2026-03-10,Baguio,Manila,Carrier A,251,1003,17280.49,1051.94,2742.33,1,1
S0981,2026-06-27,Manila,Iloilo,Carrier D,636,232,7869.55,2699.45,1250.73,2,1
S0982,2026-06-29,Manila,Zamboanga,Carrier D,1437,564,17208.0,6181.04,1640.79,6,1
S0983,2026-01-04,Cebu,Davao,Carrier A,449,1688,28618.18,1616.31,4469.76,2,1
S0984,2026-05-02,General Santos,Manila,Carrier A,1656,92,13449.13,7505.42,1096.65,6,1
S0985,2026-02-12,Cebu,Cagayan de Oro,Carrier A,247,773,13578.55,974.69,2211.07,1,1
S0986,2026-03-06,Manila,Cagayan de Oro,Carrier B,1297,597,15702.45,5762.5,2127.57,7,1
S0987,2026-01-29,Manila,Iloilo,Carrier C,654,112,7532.7,2373.96,1142.85,2,1
S0988,2026-05-28,Cebu,Cagayan de Oro,Carrier B,251,653,10041.96,1207.39,2119.84,5,0
S0989,2026-05-20,Clark,Baguio,Carrier E,160,376,7598.11,738.0,1660.0,1,1
S0990,2026-03-12,Iloilo,Manila,Carrier C,626,229,9468.15,2635.89,1076.82,3,1
S0991,2026-03-15,Manila,Davao,Carrier E,1441,111,12605.97,6155.65,718.07,5,1
S0992,2026-05-05,Manila,Iloilo,Carrier A,670,58,5989.97,3049.02,459.52,3,1
S0993,2026-06-19,Cebu,Zamboanga,Carrier A,501,989,18795.89,2094.85,3050.91,5,0
S0994,2026-03-11,Davao,Manila,Carrier B,1538,1166,23367.84,6055.73,3424.96,7,1
S0995,2026-04-09,Manila,Clark,Carrier A,94,176,3949.77,432.98,1025.54,1,1
S0996,2026-05-29,Davao,Manila,Carrier A,1543,282,14828.4,6702.94,1098.8,6,1
S0997,2026-02-16,Manila,Cagayan de Oro,Carrier B,1402,107,9822.38,5375.16,1096.33,7,1
S0998,2026-04-20,Clark,Manila,Carrier B,94,1136,14938.66,465.56,2852.26,2,0
S0999,2026-05-29,Bacolod,Manila,Carrier C,680,415,12622.94,3173.69,1448.6,2,1
S1000,2026-05-13,Clark,Manila,Carrier A,86,837,13763.83,375.35,2199.84,1,1
S1001,2026-03-26,Davao,Cagayan de Oro,Carrier C,252,361,9032.19,1107.1,1403.96,2,0
S1002,2026-02-27,General Santos,Davao,Carrier A,152,485,9194.94,642.66,1850.37,1,1
S1003,2026-01-18,Manila,Cebu,Carrier A,791,85,7089.57,2993.17,986.64,3,1
S1004,2026-02-01,Iloilo,Manila,Carrier A,652,160,7906.03,2477.87,1019.66,3,1
S1005,2026-02-01,Manila,Clark,Carrier A,91,808,13386.44,340.69,2522.6,1,1
S1006,2026-03-16,Manila,Iloilo,Carrier C,629,246,9434.35,2628.12,1321.11,2,1
S1007,2026-02-07,Manila,Cebu,Carrier C,780,44,7217.6,3154.13,932.73,3,1
S1008,2026-04-01,Clark,Davao,Carrier D,1583,185,13809.68,7348.11,1220.5,6,1
S1009,2026-06-30,Bacolod,Manila,Carrier A,704,113,7376.73,2972.45,824.29,3,1
S1010,2026-06-18,Iloilo,Manila,Carrier E,647,506,12985.57,2692.24,1808.58,6,0
S1011,2026-05-15,Manila,Iloilo,Carrier C,664,431,13062.41,3134.53,1288.74,2,1
S1012,2026-03-01,Manila,Davao,Carrier E,1454,331,16138.71,6664.79,1513.33,5,1
S1013,2026-02-14,Iloilo,Cebu,Carrier E,179,1190,19977.18,679.17,2940.45,1,1
S1014,2026-04-06,Manila,Zamboanga,Carrier E,1449,214,14253.68,6747.99,1364.12,5,1
S1015,2026-03-06,Manila,Bacolod,Carrier A,714,649,14938.51,3052.66,2201.8,2,1
S1016,2026-06-21,Manila,Davao,Carrier A,1444,42,11301.29,6101.88,911.09,5,1
S1017,2026-06-14,Bacolod,Manila,Carrier A,683,831,17423.83,2789.38,2668.05,3,1
S1018,2026-04-23,Manila,Clark,Carrier A,89,76,2957.51,409.1,537.96,1,1
S1019,2026-03-26,Manila,Cebu,Carrier B,806,832,15426.51,3352.35,2653.87,4,1
S1020,2026-05-17,General Santos,Manila,Carrier E,1710,351,17812.02,7123.73,1490.71,6,1
S1021,2026-03-09,Cebu,Davao,Carrier B,433,140,5439.83,1712.93,730.54,3,1
S1022,2026-06-19,Baguio,Clark,Carrier B,154,777,11405.94,655.05,2510.4,1,1
S1023,2026-01-19,Cebu,Clark,Carrier C,861,77,8603.24,3505.59,631.71,2,1
S1024,2026-05-10,Baguio,Manila,Carrier B,247,724,11572.01,1059.3,2451.55,1,1
S1025,2026-02-20,Manila,General Santos,Carrier C,1711,642,24157.21,6277.33,2171.81,6,1
S1026,2026-04-20,Manila,General Santos,Carrier A,1601,470,18618.08,7424.41,1539.88,6,1
S1027,2026-01-24,General Santos,Manila,Carrier D,1617,1026,25185.75,6211.5,3151.76,6,1
S1028,2026-01-15,Cebu,Manila,Carrier A,757,60,6653.09,2948.04,578.55,3,1
S1029,2026-05-03,Cebu,Davao,Carrier A,458,1293,22313.51,2121.12,3632.65,2,1
S1030,2026-04-24,Cebu,Iloilo,Carrier D,188,195,4953.62,896.84,889.52,1,1
S1031,2026-01-14,Manila,Cagayan de Oro,Carrier E,1345,339,14843.9,5447.96,1550.66,5,1
S1032,2026-05-22,Manila,Baguio,Carrier D,248,108,4475.99,1147.32,927.54,1,1
S1033,2026-05-08,Cebu,Zamboanga,Carrier C,511,200,8502.29,2129.91,1252.74,2,1
S1034,2026-04-08,Cagayan de Oro,Manila,Carrier A,1301,131,11306.51,5737.04,771.29,5,1
S1035,2026-01-07,Baguio,Clark,Carrier B,164,832,11831.81,648.46,2260.33,1,1
S1036,2026-06-09,Manila,Clark,Carrier D,89,638,9722.81,348.76,1936.47,1,1
S1037,2026-05-17,Clark,Manila,Carrier C,91,369,7436.58,400.29,1559.18,1,1
S1038,2026-01-04,Manila,Iloilo,Carrier A,663,3068,49776.61,2437.1,7392.25,2,1
S1039,2026-03-10,Cebu,Davao,Carrier D,463,461,9723.04,1992.11,1506.79,2,1
S1040,2026-04-29,Manila,Cebu,Carrier A,749,239,9466.57,3589.97,1070.97,3,1
S1041,2026-06-06,Manila,General Santos,Carrier B,1725,174,12731.5,6933.09,979.76,8,1
S1042,2026-06-08,Cebu,Davao,Carrier C,441,131,6390.97,1825.77,778.6,2,1
S1043,2026-03-08,Davao,Clark,Carrier D,1519,891,22501.93,5993.95,2401.02,6,1
S1044,2026-01-29,Bacolod,Manila,Carrier B,686,248,8062.61,2571.75,1230.73,4,1
S1045,2026-03-25,Manila,Zamboanga,Carrier E,1389,1064,26529.67,6330.1,2817.24,4,1
S1046,2026-03-16,Clark,Cebu,Carrier A,885,462,13735.46,3773.07,1784.92,3,1
S1047,2026-03-30,Cebu,Clark,Carrier C,844,521,15430.59,3742.99,1835.73,3,1
S1048,2026-02-27,General Santos,Manila,Carrier C,1732,635,24180.85,6430.06,2224.09,6,1
S1049,2026-06-18,Bacolod,Manila,Carrier A,699,853,17637.24,2802.16,2322.44,3,1
S1050,2026-04-27,Iloilo,Manila,Carrier C,680,304,11449.05,3183.45,1016.61,2,1
S1051,2026-04-03,Cebu,Davao,Carrier B,456,284,7007.9,2279.25,999.97,3,1
S1052,2026-04-15,Davao,Cebu,Carrier C,458,755,16683.19,2042.52,2206.1,2,1
S1053,2026-05-07,Zamboanga,Manila,Carrier E,1441,980,25236.26,6069.4,2614.03,8,0
S1054,2026-01-26,Manila,Davao,Carrier B,1444,567,16227.61,5164.45,2067.53,9,0
S1055,2026-02-02,Cagayan de Oro,Manila,Carrier C,1363,97,12940.02,5729.9,868.29,5,0
S1056,2026-01-19,Cebu,Cagayan de Oro,Carrier B,238,276,5613.19,952.85,1080.77,2,1
S1057,2026-02-16,Iloilo,Cebu,Carrier D,182,360,6642.48,662.62,1447.83,1,1
S1058,2026-03-24,Manila,Clark,Carrier C,90,1343,23493.08,370.62,3459.27,1,1
S1059,2026-05-29,Bacolod,Manila,Carrier B,730,258,8357.22,3510.84,892.76,7,0
S1060,2026-02-23,Manila,Clark,Carrier D,88,209,4215.33,329.17,932.51,1,1
S1061,2026-02-13,Manila,Iloilo,Carrier E,677,670,16245.27,2746.75,1858.6,2,1
S1062,2026-02-13,Manila,Cebu,Carrier E,812,389,12731.69,2955.72,1655.3,3,1
S1063,2026-05-27,Manila,Clark,Carrier A,90,312,6498.05,417.52,1537.91,1,1
S1064,2026-05-07,Manila,Iloilo,Carrier E,674,631,14820.26,2951.48,1735.64,3,1
S1065,2026-03-25,Davao,Manila,Carrier B,1485,638,17000.2,5889.47,2116.36,7,1
S1066,2026-01-26,Clark,Cebu,Carrier B,876,868,16515.85,3529.9,2230.98,4,1
S1067,2026-02-05,General Santos,Manila,Carrier A,1713,137,14120.24,6752.99,713.66,6,1
S1068,2026-06-12,Cagayan de Oro,Davao,Carrier D,271,662,11123.11,1054.35,2091.04,1,1
S1069,2026-04-18,Davao,Cebu,Carrier C,456,160,6822.54,2176.56,1224.6,2,1
S1070,2026-03-16,Cebu,Davao,Carrier C,451,449,11766.64,1856.63,1419.16,2,1
S1071,2026-03-15,Manila,Clark,Carrier A,90,288,5410.64,411.01,1329.97,1,1
S1072,2026-02-02,Cagayan de Oro,Cebu,Carrier D,240,342,7019.4,908.24,1226.96,1,1
S1073,2026-04-15,Cebu,Manila,Carrier A,802,211,9162.83,3774.12,1003.41,4,1
S1074,2026-02-26,Manila,Cagayan de Oro,Carrier B,1395,277,11995.99,5218.9,1033.12,10,0
S1075,2026-06-06,Manila,Cagayan de Oro,Carrier A,1369,616,19105.54,5347.26,2078.04,5,1
S1076,2026-05-22,Cebu,Manila,Carrier A,752,385,11936.02,3554.4,1384.32,3,1
S1077,2026-02-11,Baguio,Clark,Carrier A,158,634,11600.56,578.07,1706.82,1,1
S1078,2026-04-12,Cebu,Bacolod,Carrier B,106,51,2328.2,518.65,432.47,1,1
S1079,2026-04-07,Cebu,Davao,Carrier D,437,181,5742.19,1934.23,1131.47,2,1
S1080,2026-01-04,Cebu,Cagayan de Oro,Carrier E,242,85,4022.2,903.58,985.88,2,1
S1081,2026-04-19,Bacolod,Manila,Carrier A,673,141,7185.99,3276.57,893.04,3,1
S1082,2026-04-15,Manila,General Santos,Carrier E,1655,382,17760.46,7254.0,1438.62,6,1
S1083,2026-05-20,Iloilo,Cebu,Carrier C,180,51,3427.97,800.29,698.28,1,1
S1084,2026-02-06,Bacolod,Cebu,Carrier A,115,123,3886.4,453.74,720.58,1,1
S1085,2026-05-02,Bacolod,Manila,Carrier D,724,67,6393.96,3200.63,891.71,3,1
S1086,2026-06-26,General Santos,Manila,Carrier A,1644,567,20146.94,7195.94,1874.75,6,1
S1087,2026-03-24,Clark,Manila,Carrier C,90,645,12570.37,408.86,1974.42,1,1
S1088,2026-01-04,Davao,Manila,Carrier A,1541,298,15818.14,5423.93,1210.11,5,1
S1089,2026-05-05,Davao,Manila,Carrier B,1558,44,9569.34,7540.2,828.77,8,1
S1090,2026-03-24,Manila,Zamboanga,Carrier C,1390,108,12944.83,5636.1,906.0,5,1
S1091,2026-03-06,Manila,Bacolod,Carrier B,685,658,13249.11,3114.93,1846.14,4,1
S1092,2026-03-23,Manila,Clark,Carrier A,87,1737,26392.32,351.77,4537.83,1,1
S1093,2026-01-16,Zamboanga,Manila,Carrier A,1418,495,17763.79,5254.73,1397.48,5,1
S1094,2026-04-20,General Santos,Manila,Carrier C,1629,272,17134.48,7788.53,1294.02,5,1
S1095,2026-02-25,Manila,Iloilo,Carrier A,639,757,16157.59,2632.83,2163.5,3,1
S1096,2026-03-12,Clark,Davao,Carrier C,1621,1119,31057.04,6350.01,2900.9,5,1
S1097,2026-06-07,Davao,Manila,Carrier D,1462,215,13377.47,5673.3,1080.02,6,1
S1098,2026-03-25,Iloilo,Manila,Carrier A,668,264,9434.22,2936.82,1093.79,3,1
S1099,2026-01-21,Davao,General Santos,Carrier E,155,1349,23019.55,608.92,3771.73,1,1
S1100,2026-03-06,Davao,Cebu,Carrier B,454,232,5816.58,1890.7,1090.05,3,1
S1101,2026-02-24,Manila,Zamboanga,Carrier E,1454,135,12754.21,6144.48,1194.26,5,1
S1102,2026-02-19,Manila,Cebu,Carrier A,770,247,9334.81,3248.29,1207.46,3,1
S1103,2026-05-03,Cagayan de Oro,Manila,Carrier C,1416,184,13926.91,6422.67,723.06,5,1
S1104,2026-06-05,Zamboanga,Manila,Carrier B,1405,975,20771.59,6161.78,2467.92,7,0
S1105,2026-06-30,Cebu,Cagayan de Oro,Carrier A,249,284,7060.13,966.89,1307.29,1,1
S1106,2026-05-20,Manila,Iloilo,Carrier C,673,641,16353.79,3100.78,2250.0,3,1
S1107,2026-05-31,Iloilo,Cebu,Carrier A,178,531,9724.23,819.57,1505.09,1,1
S1108,2026-02-07,Iloilo,Cebu,Carrier B,174,185,3902.68,688.25,810.78,3,0
S1109,2026-03-21,Manila,Iloilo,Carrier B,644,417,9777.97,2769.89,1495.2,3,1
S1110,2026-01-23,Manila,Baguio,Carrier E,253,694,13614.69,917.95,2051.52,1,1
S1111,2026-03-05,Iloilo,Manila,Carrier E,663,939,20089.36,2929.23,2552.09,2,1
S1112,2026-03-13,Davao,Manila,Carrier A,1482,133,12968.82,5981.54,769.56,6,1
S1113,2026-05-06,Manila,Cagayan de Oro,Carrier D,1340,373,14686.4,6188.37,1222.88,6,1
S1114,2026-02-09,Manila,General Santos,Carrier C,1615,231,16909.62,6685.03,932.67,5,1
S1115,2026-03-10,Manila,Davao,Carrier A,1544,323,15257.25,6166.79,1405.6,5,1
S1116,2026-05-31,Iloilo,Manila,Carrier C,656,1081,23505.97,2755.42,2893.53,3,1
S1117,2026-05-02,Manila,Cagayan de Oro,Carrier A,1374,1139,26173.23,6128.33,2917.5,5,1
S1118,2026-04-27,Manila,Zamboanga,Carrier D,1431,328,14058.1,7040.18,1382.17,6,1
S1119,2026-01-11,Davao,Clark,Carrier D,1641,1080,25777.57,6156.97,3140.44,7,1
S1120,2026-01-08,Manila,Baguio,Carrier B,243,448,7993.35,926.96,1856.5,2,1
S1121,2026-06-19,Manila,Cagayan de Oro,Carrier E,1412,206,13948.62,6186.87,1028.43,5,1
S1122,2026-02-07,Manila,Baguio,Carrier B,243,131,4273.4,950.59,1022.68,1,1
S1123,2026-04-06,Manila,Cebu,Carrier A,759,399,11592.12,3439.4,1461.18,3,1
S1124,2026-03-04,Cagayan de Oro,Cebu,Carrier A,232,687,12040.13,1030.56,2350.21,2,1
S1125,2026-04-19,Manila,Zamboanga,Carrier B,1411,538,15674.75,6194.91,2014.95,6,1
S1126,2026-04-03,Manila,Cagayan de Oro,Carrier C,1396,666,22620.39,6785.45,1848.05,4,1
S1127,2026-04-22,Manila,Davao,Carrier A,1491,113,12167.07,7280.86,836.99,6,0
S1128,2026-02-11,Cagayan de Oro,Manila,Carrier A,1358,778,20910.44,5566.61,2405.12,5,1
S1129,2026-02-11,Iloilo,Manila,Carrier B,657,312,8352.82,2787.53,1227.42,4,1
S1130,2026-03-08,Cebu,Cagayan de Oro,Carrier D,232,1114,17481.78,1031.79,3178.01,3,0
S1131,2026-02-15,Iloilo,Bacolod,Carrier B,50,545,7591.19,192.45,2059.51,1,1
S1132,2026-06-07,Iloilo,Cebu,Carrier A,180,188,4503.25,751.15,933.86,1,1
S1133,2026-03-06,Manila,Clark,Carrier D,91,50,2007.35,374.48,660.24,1,1
S1134,2026-01-10,Manila,Zamboanga,Carrier A,1389,643,19071.05,4926.92,1771.34,5,1
S1135,2026-04-21,General Santos,Davao,Carrier B,148,472,7995.26,748.39,1897.76,1,1
S1136,2026-01-11,Cebu,Manila,Carrier A,774,1734,31157.76,3120.98,4343.95,4,1
S1137,2026-06-13,Cebu,Cagayan de Oro,Carrier A,239,1391,22346.73,1023.46,3889.96,2,1
S1138,2026-01-30,Cebu,Bacolod,Carrier E,111,470,8979.41,441.62,1750.55,1,1
S1139,2026-02-25,Cagayan de Oro,Cebu,Carrier D,239,717,11940.54,970.44,2240.17,2,1
S1140,2026-03-11,Manila,Cebu,Carrier D,763,521,12546.5,3227.81,1920.35,3,1
S1141,2026-02-27,Manila,Cebu,Carrier A,771,192,9007.61,3206.4,1075.15,3,1
S1142,2026-04-10,Manila,Bacolod,Carrier B,707,213,7747.55,3171.14,1281.21,4,1
S1143,2026-02-13,Cebu,Davao,Carrier A,442,900,17311.77,1783.5,2616.8,2,1
S1144,2026-05-16,Manila,Cagayan de Oro,Carrier B,1331,545,14387.76,6087.44,1599.04,6,1
S1145,2026-01-06,Cebu,Cagayan de Oro,Carrier D,236,2098,30663.84,902.19,5142.66,2,1
S1146,2026-04-12,Baguio,Manila,Carrier C,262,128,4688.78,1299.76,1022.28,1,1
S1147,2026-02-25,Manila,Clark,Carrier B,91,243,4071.36,381.77,1410.74,1,1
S1148,2026-05-18,Manila,General Santos,Carrier B,1617,676,17792.32,7743.15,1881.38,8,1
S1149,2026-01-01,Manila,General Santos,Carrier B,1633,125,11755.48,6089.59,966.86,8,1
S1150,2026-06-12,Manila,Cebu,Carrier C,764,354,12012.31,3229.59,1324.07,2,1
S1151,2026-02-12,General Santos,Manila,Carrier A,1654,248,15606.52,6937.71,1238.07,6,1
S1152,2026-02-11,Clark,Manila,Carrier A,92,327,6521.89,346.12,1098.99,1,1
S1153,2026-05-28,Clark,Manila,Carrier C,88,2099,36697.71,424.44,5217.93,1,1
S1154,2026-03-26,Cagayan de Oro,Davao,Carrier A,270,616,11201.99,1194.83,2064.41,1,1
S1155,2026-05-01,Davao,Cagayan de Oro,Carrier B,251,175,4713.38,1057.23,1150.96,2,1
S1156,2026-01-07,Manila,Clark,Carrier A,93,791,13325.53,366.13,2064.14,1,1
S1157,2026-06-11,Zamboanga,Manila,Carrier A,1398,111,11482.85,6147.72,996.35,5,1
S1158,2026-04-16,Cebu,Davao,Carrier A,437,336,8454.33,2019.3,1455.43,2,1
S1159,2026-03-04,Cagayan de Oro,Cebu,Carrier C,237,220,6321.31,969.6,949.18,1,1
S1160,2026-05-14,Manila,Iloilo,Carrier B,636,242,7187.7,3054.78,927.38,3,1
S1161,2026-04-23,Cebu,Davao,Carrier D,438,101,5190.93,2200.05,676.58,2,1
S1162,2026-05-30,Iloilo,Manila,Carrier A,658,614,14380.51,3184.68,1894.31,3,1
S1163,2026-03-30,Zamboanga,Manila,Carrier B,1417,373,13095.3,6441.89,1509.63,7,1
S1164,2026-05-04,General Santos,Davao,Carrier E,144,228,5269.71,617.21,968.59,1,1
S1165,2026-06-16,Manila,Baguio,Carrier C,251,498,10588.87,1090.52,1886.94,1,1
S1166,2026-02-21,Manila,Cagayan de Oro,Carrier C,1299,1406,33760.49,4945.94,3970.19,5,1
S1167,2026-01-21,Davao,Clark,Carrier C,1524,168,14648.11,6013.06,1083.42,5,1
S1168,2026-06-26,Iloilo,Cebu,Carrier E,175,179,4697.43,759.95,1133.8,1,1
S1169,2026-02-03,Bacolod,Manila,Carrier A,675,436,11764.05,2652.35,1581.36,3,1
S1170,2026-06-12,Cebu,Manila,Carrier B,782,330,8861.88,3315.5,1384.98,4,1
S1171,2026-04-21,Davao,Cagayan de Oro,Carrier E,252,716,13350.6,1255.56,2243.85,1,1
S1172,2026-04-15,Manila,Zamboanga,Carrier A,1406,358,15343.55,7160.89,1267.38,6,1
S1173,2026-03-12,Davao,Cebu,Carrier C,452,93,6091.77,1825.89,508.51,2,1
S1174,2026-05-07,Davao,Manila,Carrier B,1448,203,11729.22,6433.82,1129.33,7,1
S1175,2026-01-28,Cagayan de Oro,Cebu,Carrier B,235,213,4906.52,836.26,948.64,2,1
S1176,2026-02-09,Iloilo,Manila,Carrier B,635,124,5604.7,2574.8,768.21,3,1
S1177,2026-06-02,Cebu,Bacolod,Carrier A,113,1255,19781.31,499.26,3243.17,1,1
S1178,2026-04-01,Cebu,Zamboanga,Carrier B,513,412,9075.78,2244.02,1770.39,2,1
S1179,2026-06-15,Bacolod,Cebu,Carrier D,115,48,2566.49,458.29,835.6,1,1
S1180,2026-03-24,Manila,Clark,Carrier C,89,644,12610.92,385.91,1980.86,1,1
S1181,2026-02-11,Iloilo,Manila,Carrier D,652,325,9907.55,2389.53,1410.65,5,0
S1182,2026-03-05,Manila,Iloilo,Carrier B,659,88,5775.35,2704.2,715.27,4,1
S1183,2026-02-04,Davao,General Santos,Carrier E,144,633,11981.21,603.14,2046.48,1,1
S1184,2026-04-23,Manila,Iloilo,Carrier D,657,175,7473.5,3016.6,698.11,3,1
S1185,2026-06-29,Cebu,Iloilo,Carrier D,177,1099,16881.51,785.39,2828.28,1,1
S1186,2026-03-27,Manila,Baguio,Carrier A,261,456,9702.11,1046.88,1688.54,1,1
S1187,2026-01-13,Cebu,Zamboanga,Carrier E,502,250,8279.21,2058.88,1425.87,2,1
S1188,2026-05-18,Manila,Bacolod,Carrier C,708,636,16758.79,3415.55,2167.55,3,1
S1189,2026-01-23,General Santos,Manila,Carrier C,1653,135,14859.05,6466.28,1087.65,5,1
S1190,2026-02-08,Zamboanga,Manila,Carrier C,1353,226,14633.64,5511.82,1289.33,4,1
S1191,2026-05-28,Manila,Iloilo,Carrier B,660,43,4912.7,2793.95,907.94,3,1
S1192,2026-05-17,Clark,Manila,Carrier D,91,424,7143.76,432.87,1753.15,1,1
S1193,2026-02-22,Iloilo,Manila,Carrier C,629,1341,27331.82,2337.58,3459.31,2,1
S1194,2026-02-28,Cebu,Davao,Carrier A,440,2159,34693.58,1855.7,5513.21,1,1
S1195,2026-04-23,Manila,Davao,Carrier A,1567,949,25244.46,7096.2,2417.33,6,1
S1196,2026-04-08,General Santos,Manila,Carrier E,1602,357,17353.9,7629.58,1183.13,8,0
S1197,2026-06-04,Manila,Cagayan de Oro,Carrier B,1416,146,10024.23,5925.42,907.99,8,0
S1198,2026-01-02,Cagayan de Oro,Manila,Carrier E,1347,87,11283.74,4962.98,530.58,5,1
S1199,2026-02-28,Bacolod,Iloilo,Carrier C,48,262,5660.0,203.39,1041.23,1,1
S1200,2026-02-06,Zamboanga,Cebu,Carrier A,507,368,9247.6,1993.99,1132.99,2,1
S1201,2026-06-19,Manila,Iloilo,Carrier D,660,284,8607.24,2767.01,1015.63,3,1
S1202,2026-04-04,Davao,General Santos,Carrier A,145,349,6777.79,702.56,1613.19,1,1
S1203,2026-01-07,Manila,Cagayan de Oro,Carrier A,1403,965,24464.15,4944.55,2649.22,5,1
S1204,2026-02-10,Manila,Davao,Carrier A,1487,285,14373.0,6317.35,1205.66,5,1
S1205,2026-04-23,Davao,Manila,Carrier C,1521,207,15485.5,7690.47,832.32,5,1
S1206,2026-06-07,Cebu,Davao,Carrier B,435,840,13701.84,1709.44,2456.84,3,1
S1207,2026-06-18,Manila,Davao,Carrier B,1452,1020,20930.83,5803.5,2654.78,7,1
S1208,2026-04-29,Cebu,Davao,Carrier C,453,1007,21238.18,2024.95,2768.61,2,1
S1209,2026-01-09,Cebu,Cagayan de Oro,Carrier C,247,751,15716.72,865.66,2332.98,2,1
S1210,2026-04-12,Iloilo,Manila,Carrier B,657,229,7479.47,3279.03,1150.12,3,1
S1211,2026-06-09,Manila,Iloilo,Carrier D,649,519,12051.28,2642.22,2039.81,3,1
S1212,2026-05-05,Cagayan de Oro,Cebu,Carrier A,240,912,15962.07,1035.33,2775.57,1,1
S1213,2026-05-20,Manila,Davao,Carrier B,1470,93,10126.78,6376.03,1028.58,7,1
S1214,2026-01-22,Clark,Davao,Carrier A,1654,811,23856.37,6296.17,2169.23,6,1
S1215,2026-02-20,Iloilo,Cebu,Carrier C,178,114,4545.39,706.27,1030.96,1,1
S1216,2026-05-16,Manila,Baguio,Carrier C,243,493,11294.49,1041.89,1942.99,1,1
S1217,2026-06-06,Manila,Clark,Carrier A,88,1605,24587.07,361.35,4144.05,1,1
S1218,2026-03-24,Davao,Manila,Carrier A,1566,170,13721.91,6464.0,1227.83,7,0
S1219,2026-04-16,Davao,Manila,Carrier A,1504,1650,35050.06,7690.77,4164.74,5,1
S1220,2026-06-01,Manila,Baguio,Carrier A,258,1527,24448.47,1146.19,3733.48,3,0
S1221,2026-02-22,Clark,Manila,Carrier D,91,44,1776.4,348.77,458.37,1,1
S1222,2026-06-19,Manila,Clark,Carrier C,93,463,8998.93,412.39,1771.15,1,1
S1223,2026-01-11,Cagayan de Oro,Manila,Carrier A,1404,322,14882.88,5656.37,1423.26,5,1
S1224,2026-02-27,Bacolod,Manila,Carrier D,677,1485,25616.76,2564.76,4076.98,3,1
S1225,2026-04-21,Manila,Clark,Carrier D,91,187,4313.66,416.75,862.4,1,1
S1226,2026-03-06,Iloilo,Bacolod,Carrier A,48,777,12244.74,204.12,2364.05,1,1
S1227,2026-05-05,Manila,General Santos,Carrier B,1708,369,15165.0,7514.8,1472.8,8,1
S1228,2026-01-26,General Santos,Manila,Carrier D,1601,241,14368.32,6476.85,1083.3,6,1
S1229,2026-03-30,Zamboanga,Manila,Carrier B,1399,935,19536.28,5857.63,2840.13,7,1
S1230,2026-01-07,Baguio,Manila,Carrier C,244,219,6197.68,914.17,798.82,1,1
S1231,2026-04-02,Cebu,Zamboanga,Carrier E,515,168,6992.66,2269.26,944.52,3,1
S1232,2026-02-11,Manila,Baguio,Carrier C,257,214,6318.69,991.05,1260.08,2,1
S1233,2026-03-27,Manila,Cagayan de Oro,Carrier D,1361,1560,30328.34,5612.47,4280.5,5,1
S1234,2026-06-09,Manila,Bacolod,Carrier B,683,178,7074.32,2786.69,1175.14,4,1
S1235,2026-02-13,Iloilo,Manila,Carrier C,630,1117,24290.45,2513.86,3211.46,2,1
S1236,2026-06-28,Cebu,Manila,Carrier C,755,1147,25661.46,3333.75,2910.86,2,1
S1237,2026-02-04,Clark,Cebu,Carrier E,823,798,19152.1,3145.25,2397.66,5,0
S1238,2026-01-11,Manila,Iloilo,Carrier E,633,52,5792.82,2480.48,545.79,3,1
S1239,2026-02-25,Davao,Manila,Carrier E,1480,916,24988.07,5791.83,2648.99,6,1
S1240,2026-02-17,Zamboanga,Cebu,Carrier C,526,1027,22320.79,2160.84,2983.45,2,1
S1241,2026-03-09,Manila,Clark,Carrier E,89,160,4089.12,353.15,1067.92,1,1
S1242,2026-06-29,Manila,Iloilo,Carrier A,655,1823,31809.29,2741.17,4596.04,2,1
S1243,2026-06-04,Baguio,Manila,Carrier C,247,1727,31720.83,986.86,4260.88,2,1
S1244,2026-04-23,Manila,Bacolod,Carrier E,699,124,7675.41,3351.59,607.33,3,1
S1245,2026-02-07,Cebu,Manila,Carrier E,773,185,8800.26,3248.71,723.55,3,1
S1246,2026-02-04,Iloilo,Bacolod,Carrier B,48,387,6170.75,184.55,1493.31,2,0
S1247,2026-05-19,Iloilo,Bacolod,Carrier D,50,1631,22881.97,233.33,4240.67,1,1
S1248,2026-01-17,Bacolod,Manila,Carrier D,718,168,7828.31,2841.39,777.2,3,1
S1249,2026-05-07,Iloilo,Cebu,Carrier A,178,272,6279.18,821.82,1381.35,1,1
S1250,2026-03-29,Manila,Baguio,Carrier A,247,293,6582.89,982.39,1100.9,1,1
