route,shipments,total_cost,avg_cost,avg_distance,avg_weight,avg_cost_km,avg_cost_kg,avg_delivery_days,on_time_pct
Manila → Davao,74,1913001.72,25851.374594594596,1497.0405405405406,499.3783783783784,17.251369429471545,94.63995214167196,5.95945945945946,87.83783783783784
Manila → Cagayan de Oro,66,1640171.59,24851.084696969698,1356.6060606060605,532.2575757575758,18.348213506148987,81.74096906831114,5.5,89.39393939393939
General Santos → Manila,47,1291953.93,27488.381489361702,1662.936170212766,485.3191489361702,16.516281323594267,106.83169505968327,6.340425531914893,87.2340425531915
Davao → Manila,46,1144030.7,24870.232608695653,1507.9347826086957,435.8695652173913,16.480847219962094,129.44621023027813,6.021739130434782,86.95652173913044
Manila → Iloilo,66,1039866.47,15755.552575757576,652.469696969697,441.1212121212121,24.10285781082614,58.30880800077181,2.9696969696969697,92.42424242424242
Manila → Cebu,52,960375.97,18468.768653846153,784.75,516.4807692307693,23.514944088432348,59.268801719538345,3.2884615384615383,96.15384615384616
Cagayan de Oro → Manila,38,941349.29,24772.349736842105,1356.8684210526317,551.5,18.239594258262954,92.27954132134433,5.605263157894737,89.47368421052632
Zamboanga → Manila,36,909567.56,25265.765555555558,1409.6944444444443,556.9722222222222,17.924590452791225,85.9067615112864,5.694444444444445,91.66666666666666
Iloilo → Manila,47,805771.4,17144.072340425533,654.3829787234042,516.1489361702128,26.207574793924028,47.779066275953,3.1702127659574466,82.97872340425532
Manila → Baguio,64,790066.51,12344.78921875,250.953125,503.546875,49.1389053945102,34.66160507443285,1.546875,89.0625
Manila → Zamboanga,33,781987.94,23696.60424242424,1411.909090909091,418.1515151515151,16.77896329554858,108.35625334867962,5.393939393939394,96.96969696969697
Manila → General Santos,26,724133.36,27851.283076923075,1660.6153846153845,569.3846153846154,16.78903444413764,111.30256908070712,6.615384615384615,96.15384615384616
Manila → Bacolod,38,708813.71,18652.99236842105,703.1842105263158,582.5263157894736,26.466653218601625,44.96857030799358,3.263157894736842,94.73684210526315
Cebu → Manila,35,642153.52,18347.24342857143,781.8,500.8285714285714,23.446722730950626,65.43592280300216,3.6285714285714286,82.85714285714286
Bacolod → Manila,38,619318.6799999999,16297.859999999999,703.3421052631579,455.2105263157895,23.214741164550833,64.3295978867085,3.289473684210526,92.10526315789474
Cebu → Davao,36,568672.84,15796.467777777776,449.1111111111111,574.7222222222222,35.208684243147815,42.559761631074565,2.138888888888889,94.44444444444444
Manila → Clark,52,559842.45,10766.200961538461,90.3076923076923,494.1730769230769,119.3278975652254,28.264480646311878,1.0961538461538463,96.15384615384616
Clark → Cebu,21,462536.17,22025.531904761905,852.6666666666666,686.4285714285714,25.792488113043273,56.42392405606705,3.5714285714285716,85.71428571428571
Clark → Manila,39,461528.14,11834.054871794871,90.02564102564102,546.6666666666666,131.75438279169825,29.849762596675685,1.2307692307692308,89.74358974358975
Davao → Clark,16,449524.12,28095.2575,1593.5625,567.25,17.62199161684542,95.09691588079049,6.0625,93.75
Baguio → Manila,30,370675.54000000004,12355.851333333334,251.9,492.56666666666666,49.00082473070904,35.91934775964575,1.7,90.0
Cebu → Cagayan de Oro,27,366055.65,13557.616666666667,240.11111111111111,558.5925925925926,56.53763569161957,32.7086511222184,1.5925925925925926,92.5925925925926
Cebu → Clark,20,359990.28,17999.514000000003,855.15,428.55,21.003228210292214,69.03080417632603,3.8,90.0
Clark → Davao,13,354064.7,27235.746153846154,1580.6923076923076,550.9230769230769,17.15875606080011,109.87123015808234,6.3076923076923075,92.3076923076923
Cebu → Zamboanga,22,335152.87,15234.221363636363,517.1818181818181,483.45454545454544,29.40786730276533,42.76118942425974,2.409090909090909,95.45454545454545
Cebu → Bacolod,27,319775.11,11843.522592592592,109.62962962962963,558.6296296296297,108.65287305260027,29.68048416797576,1.3333333333333333,85.18518518518519
Davao → Cebu,23,307580.13,13373.049130434783,448.5652173913044,447.7826086956522,29.766364598434333,49.341862713229645,2.347826086956522,82.6086956521739
Zamboanga → Cebu,20,305253.11,15262.655499999999,515.45,488.2,29.635258973247524,48.408341400566556,2.4,100.0
Cebu → Iloilo,24,288208.22,12008.675833333333,180.91666666666666,542.4583333333334,65.99228347197149,36.950673461538415,1.125,91.66666666666666
Cagayan de Oro → Cebu,26,281406.77,10823.337307692309,239.76923076923077,420.96153846153845,45.24405863262506,34.175773770616566,1.5,96.15384615384616
Iloilo → Cebu,27,272577.08999999997,10095.447777777777,198.0,408.6296296296296,54.680929214833746,36.78729985359927,1.3703703703703705,85.18518518518519
Bacolod → Cebu,18,204901.47,11383.415,110.33333333333333,543.1666666666666,104.40431763420503,32.797720761311716,1.0,100.0
Iloilo → Bacolod,13,171701.40000000002,13207.800000000001,49.84615384615385,692.7692307692307,264.99371811405035,25.758175459248488,1.3076923076923077,84.61538461538461
Baguio → Clark,14,166034.63,11859.61642857143,158.64285714285714,523.9285714285714,74.6810118526778,32.76530344191978,1.1428571428571428,92.85714285714286
General Santos → Davao,15,160188.23,10679.215333333334,151.26666666666668,468.93333333333334,70.64747843747038,24.35398788909117,1.2,93.33333333333333
Cagayan de Oro → Davao,12,144590.79,12049.2325,262.75,464.25,45.863773475574845,37.081723293356795,2.0,66.66666666666666
Davao → General Santos,11,138875.91999999998,12625.083636363635,148.0909090909091,553.1818181818181,84.97086435735481,27.684321541987643,1.2727272727272727,90.9090909090909
Davao → Cagayan de Oro,12,132072.52000000002,11006.043333333335,257.1666666666667,420.0,42.622464578333215,33.15159816297561,1.75,83.33333333333334
Bacolod → Iloilo,10,102114.81000000001,10211.481000000002,50.2,483.6,204.26408808523414,27.307556178486543,1.1,90.0
Clark → Baguio,12,95340.03,7945.0025,160.75,283.1666666666667,49.475366310827205,35.703529988731226,1.1666666666666667,91.66666666666666
